Authors;Title;Year;Source title;Volume;Issue;Art. No.;Page start;Page end;Page count;Cited by;DOI;Link;Document Type;Publication Stage;Open Access;Source;EID
Pi, S., Li, H.;Vertical cooperation and coopetition of incumbents under the new energy substitute: Evidence from Chinese automobile industry;2022;Journal of Cleaner Production;359;;131964;;;;;10.1016/j.jclepro.2022.131964;https://www.scopus.com/inward/record.uri?eid=2-s2.0-85129709889&doi=10.1016%2fj.jclepro.2022.131964&partnerID=40&md5=13e079623ecc005729e6aa242ca800ee;Article;Final;;Scopus;2-s2.0-85129709889
Gorgun, M.G., Polat, S., Asan, U.;Vertical Integration Decision Making in Information Technology Management;2022;Information (Switzerland);13;7;341;;;;;10.3390/info13070341;https://www.scopus.com/inward/record.uri?eid=2-s2.0-85137155299&doi=10.3390%2finfo13070341&partnerID=40&md5=3fdaad68b1d4c7d2169dc44e413aa21d;Article;Final;All Open Access, Gold;Scopus;2-s2.0-85137155299
Silva, C.S., Borges, A.F., Magano, J.;Quality Control 4.0: a way to improve the quality performance and engage shop floor operators;2022;International Journal of Quality and Reliability Management;39;6;;1471;1487;;;10.1108/IJQRM-05-2021-0138;https://www.scopus.com/inward/record.uri?eid=2-s2.0-85121287398&doi=10.1108%2fIJQRM-05-2021-0138&partnerID=40&md5=e574b66de4a13736bcf0b0045a5f4698;Article;Final;;Scopus;2-s2.0-85121287398
Adler, N., Hanany, E., Proost, S.;Competition in Congested Service Networks with Application to Air Traffic Control Provision in Europe;2022;Management Science;68;4;;2751;2784;;;10.1287/mnsc.2021.4009;https://www.scopus.com/inward/record.uri?eid=2-s2.0-85132853530&doi=10.1287%2fmnsc.2021.4009&partnerID=40&md5=788441ad8c662fb6b0c093de58b12646;Article;Final;;Scopus;2-s2.0-85132853530
Balcells, C.;Determinants of firm boundaries and organizational performance: an empirical investigation of the Chilean truck market;2022;Journal of Evolutionary Economics;32;2;;423;461;;;10.1007/s00191-022-00767-6;https://www.scopus.com/inward/record.uri?eid=2-s2.0-85128928546&doi=10.1007%2fs00191-022-00767-6&partnerID=40&md5=cdb3833f5e23b83d4171592152e9541e;Article;Final;All Open Access, Hybrid Gold;Scopus;2-s2.0-85128928546
Schneider, C.;Steel manufacturing clusters in a hydrogen economy – Simulation of changes in location and vertical integration of steel production in Northwestern Europe;2022;Journal of Cleaner Production;341;;130913;;;;;10.1016/j.jclepro.2022.130913;https://www.scopus.com/inward/record.uri?eid=2-s2.0-85124620487&doi=10.1016%2fj.jclepro.2022.130913&partnerID=40&md5=6c0d8224502cee3dc67f677e17b90563;Article;Final;All Open Access, Hybrid Gold, Green;Scopus;2-s2.0-85124620487
Sánchez, M., Belso-Martínez, J.A., López-Sánchez, M.J., Nerja, A.;Incentives to exclusive and non-exclusive technology licensing under partial vertical integration;2022;Manchester School;90;2;;171;189;;;10.1111/manc.12387;https://www.scopus.com/inward/record.uri?eid=2-s2.0-85118976528&doi=10.1111%2fmanc.12387&partnerID=40&md5=a42c6c7960c4c99ebb436344731719b6;Article;Final;;Scopus;2-s2.0-85118976528
Goel, R.K., Mazhar, U., Ram, R.;Informal competition and firm performance: Impacts on input- versus output performance;2022;Managerial and Decision Economics;43;2;;418;430;;3;10.1002/mde.3390;https://www.scopus.com/inward/record.uri?eid=2-s2.0-85107536863&doi=10.1002%2fmde.3390&partnerID=40&md5=e890654926892ca51852dc40beee69e9;Article;Final;;Scopus;2-s2.0-85107536863
Bates, R., Hardwick, J., Salivia, G., Chase, L.;A Project-Based Curriculum for Computer Science Situated to Serve Underrepresented Populations;2022;SIGCSE 2022 - Proceedings of the 53rd ACM Technical Symposium on Computer Science Education;1;;;585;591;;;10.1145/3478431.3499312;https://www.scopus.com/inward/record.uri?eid=2-s2.0-85126137444&doi=10.1145%2f3478431.3499312&partnerID=40&md5=3cbe885f531cd670ad7a8f48ecde1655;Conference Paper;Final;;Scopus;2-s2.0-85126137444
Priyadarshi, R., Routroy, S., Kant, G.;Analyzing the post-harvest supply chain enablers of vertical integration for rural employability and marketability;2022;Journal of Business and Industrial Marketing;37;3;;529;548;;;10.1108/JBIM-04-2020-0182;https://www.scopus.com/inward/record.uri?eid=2-s2.0-85107886727&doi=10.1108%2fJBIM-04-2020-0182&partnerID=40&md5=4446d9c68a086cf3989433dfbc79072c;Article;Final;;Scopus;2-s2.0-85107886727
Usmani, S., Thurasamay, R.;Exclusive Textiles: A Journey of Struggle ‘from Weave to Wonder’;2022;Asian Journal of Management Cases;;;;;;;;10.1177/09728201221095903;https://www.scopus.com/inward/record.uri?eid=2-s2.0-85131545122&doi=10.1177%2f09728201221095903&partnerID=40&md5=b449859977edf0b46d6223d6d2542e99;Article;Article in Press;;Scopus;2-s2.0-85131545122
Eigner, M., Zavareh, M.T.;Digitalization of the Engineering Supported by System Lifecycle Management (SysLM);2022;IFIP Advances in Information and Communication Technology;640 IFIP;;;240;254;;;10.1007/978-3-030-94399-8_18;https://www.scopus.com/inward/record.uri?eid=2-s2.0-85125434883&doi=10.1007%2f978-3-030-94399-8_18&partnerID=40&md5=a285901393bf6bf949c4263d5077631e;Conference Paper;Final;;Scopus;2-s2.0-85125434883
Cattani, G., Malerba, F.;Evolutionary Approaches to Innovation, the Firm, and the Dynamics of Industries;2021;Strategy Science;6;4;;265;289;;4;10.1287/STSC.2021.0141;https://www.scopus.com/inward/record.uri?eid=2-s2.0-85122687501&doi=10.1287%2fSTSC.2021.0141&partnerID=40&md5=44d6586b6fda7ec99ddfd602a6a444ac;Article;Final;;Scopus;2-s2.0-85122687501
Cocola-Gant, A., Jover, J., Carvalho, L., Chamusca, P.;Corporate hosts: The rise of professional management in the short-term rental industry;2021;Tourism Management Perspectives;40;;100879;;;;5;10.1016/j.tmp.2021.100879;https://www.scopus.com/inward/record.uri?eid=2-s2.0-85116022849&doi=10.1016%2fj.tmp.2021.100879&partnerID=40&md5=ac8c7d447270138b437848b43e8ec216;Article;Final;All Open Access, Hybrid Gold, Green;Scopus;2-s2.0-85116022849
Meyer, M.M., Glas, A.H., Eßig, M.;Systematic review of sourcing and 3D printing: make-or-buy decisions in industrial buyer–supplier relationships;2021;Management Review Quarterly;71;4;;723;752;;9;10.1007/s11301-020-00198-2;https://www.scopus.com/inward/record.uri?eid=2-s2.0-85092152516&doi=10.1007%2fs11301-020-00198-2&partnerID=40&md5=49ee39162941cfde47d4f06f45c19942;Article;Final;All Open Access, Hybrid Gold;Scopus;2-s2.0-85092152516
Howard, D.A., Ma, Z., Veje, C., Clausen, A., Aaslyng, J.M., Jørgensen, B.N.;Greenhouse industry 4.0 – digital twin technology for commercial greenhouses;2021;Energy Informatics;4;;37;;;;1;10.1186/s42162-021-00161-9;https://www.scopus.com/inward/record.uri?eid=2-s2.0-85115602271&doi=10.1186%2fs42162-021-00161-9&partnerID=40&md5=6e29a7904ad72b19028cb6c9152c032c;Article;Final;All Open Access, Gold;Scopus;2-s2.0-85115602271
Papatryfonos, K., Selviah, D.R., Maman, A., Hasharoni, K., Brimont, A., Zanzi, A., Kraft, J., Sidorov, V., Seifried, M., Baumgartner, Y., Horst, F., Offrein, B.J., Lawniczuk, K., Broeke, R.G., Terzenidis, N., Mourgias-Alexandris, G., Tang, M., Seeds, A.J., Liu, H., Sanchis, P., Moralis-Pegios, M., Manolis, T., Pleros, N., Vyrsokinos, K., Sirbu, B., Eichhammer, Y., Oppermann, H., Tekin, T.;Co-package technology platform for low-power and low-cost data centers;2021;Applied Sciences (Switzerland);11;13;6098;;;;;10.3390/app11136098;https://www.scopus.com/inward/record.uri?eid=2-s2.0-85109900682&doi=10.3390%2fapp11136098&partnerID=40&md5=c01a12e20a18e3f2be6a4aff1c269236;Article;Final;All Open Access, Gold, Green;Scopus;2-s2.0-85109900682
Swami, R., Dave, M., Ranga, V.;Detection and Analysis of TCP-SYN DDoS Attack in Software-Defined Networking;2021;Wireless Personal Communications;118;4;;2295;2317;;10;10.1007/s11277-021-08127-6;https://www.scopus.com/inward/record.uri?eid=2-s2.0-85100605125&doi=10.1007%2fs11277-021-08127-6&partnerID=40&md5=0e2d177669308d75be607d884ea16070;Article;Final;;Scopus;2-s2.0-85100605125
Biancini, S., Bombarda, P.;Intellectual property rights, multinational firms and technology transfers;2021;Journal of Economic Behavior and Organization;185;;;191;210;;1;10.1016/j.jebo.2021.02.005;https://www.scopus.com/inward/record.uri?eid=2-s2.0-85102374163&doi=10.1016%2fj.jebo.2021.02.005&partnerID=40&md5=5b1c9361b139f329c4ff448e231524c5;Article;Final;All Open Access, Green;Scopus;2-s2.0-85102374163
Park, K.T., Yang, J., Noh, S.D.;VREDI: virtual representation for a digital twin application in a work-center-level asset administration shell;2021;Journal of Intelligent Manufacturing;32;2;;501;544;;10;10.1007/s10845-020-01586-x;https://www.scopus.com/inward/record.uri?eid=2-s2.0-85084971195&doi=10.1007%2fs10845-020-01586-x&partnerID=40&md5=c56944ffc75c517feb3e3413cafe2afc;Article;Final;;Scopus;2-s2.0-85084971195
Konstantinidis, F.K., Mouroutsos, S.G., Gasteratos, A.;The Role of Machine Vision in Industry 4.0: An automotive manufacturing perspective;2021;IST 2021 - IEEE International Conference on Imaging Systems and Techniques, Proceedings;;;;;;;4;10.1109/IST50367.2021.9651453;https://www.scopus.com/inward/record.uri?eid=2-s2.0-85124357062&doi=10.1109%2fIST50367.2021.9651453&partnerID=40&md5=4b7cb556eba6a1dece883db1838ddb24;Conference Paper;Final;;Scopus;2-s2.0-85124357062
Zunino, C., Malena, D., Cena, G., Scanzio, S., Valenzano, A.;Black-Box Analysis of the Publish-Subscribe Notification Latency in Real OPC UA Servers;2021;IEEE International Conference on Emerging Technologies and Factory Automation, ETFA;2021-September;;;;;;;10.1109/ETFA45728.2021.9613259;https://www.scopus.com/inward/record.uri?eid=2-s2.0-85122917693&doi=10.1109%2fETFA45728.2021.9613259&partnerID=40&md5=8ecc1f32da741dfbd4710d31d63696e1;Conference Paper;Final;;Scopus;2-s2.0-85122917693
Tabim, V.M., Ayala, N.F., Frank, A.G.;Implementing Vertical Integration in the Industry 4.0 Journey: Which Factors Influence the Process of Information Systems Adoption?;2021;Information Systems Frontiers;;;;;;;4;10.1007/s10796-021-10220-x;https://www.scopus.com/inward/record.uri?eid=2-s2.0-85118841619&doi=10.1007%2fs10796-021-10220-x&partnerID=40&md5=89d865e1a59b32c1bf3f225703a173b3;Article;Article in Press;All Open Access, Bronze, Green;Scopus;2-s2.0-85118841619
Nazar, M.J., Alhudhaif, A., Qureshi, K.N., Iqbal, S., Jeon, G.;Signature and flow statistics based anomaly detection system in software-defined networking for 6G internet of things network;2021;International Journal of Systems Assurance Engineering and Management;;;;;;;1;10.1007/s13198-021-01162-3;https://www.scopus.com/inward/record.uri?eid=2-s2.0-85109303174&doi=10.1007%2fs13198-021-01162-3&partnerID=40&md5=ba15becedc4aee5054dbec4f1eb9c455;Article;Article in Press;;Scopus;2-s2.0-85109303174
Nakamura, E., Sakai, H.;Does vertical integration facilitate coordination between infrastructure management and train operating units in the rail sector? Implications for Japanese railways;2020;Utilities Policy;66;;101099;;;;;10.1016/j.jup.2020.101099;https://www.scopus.com/inward/record.uri?eid=2-s2.0-85088878665&doi=10.1016%2fj.jup.2020.101099&partnerID=40&md5=611d74be8f1faa838917d3ac84afa6cd;Article;Final;;Scopus;2-s2.0-85088878665
Ozcan, P., Hannah, D.;Forced Ecosystems and Digital Stepchildren: Reconfiguring Advertising Suppliers to Realize Disruptive Social Media Technology;2020;Strategy Science;5;3;;193;217;;11;10.1287/stsc.2020.1366;https://www.scopus.com/inward/record.uri?eid=2-s2.0-85100159792&doi=10.1287%2fstsc.2020.1366&partnerID=40&md5=29d5d8bb0d5e57cd05b1d4d7c3287dae;Article;Final;All Open Access, Green;Scopus;2-s2.0-85100159792
Siekacz, M., Muziol, G., Turski, H., Hajdel, M., Żak, M., Chlipała, M., Sawicka, M., Nowakowski-Szkudlarek, K., Feduniewicz-żmuda, A., Smalc-Koziorowska, J., Stańczyk, S., Skierbiszewski, C.;Vertical integration of nitride laser diodes and light emitting diodes by tunnel junctions;2020;Electronics (Switzerland);9;9;1481;1;11;;10;10.3390/electronics9091481;https://www.scopus.com/inward/record.uri?eid=2-s2.0-85090675011&doi=10.3390%2felectronics9091481&partnerID=40&md5=17de94efd323f21f68a8648c48dcd41b;Article;Final;All Open Access, Gold, Green;Scopus;2-s2.0-85090675011
Agnesina, A., Yamaguchi, J., Krutzik, C., Carson, J., Yang-Scharlotta, J., Lim, S.K.;A COTS-Based Novel 3-D DRAM Memory Cube Architecture for Space Applications;2020;IEEE Transactions on Very Large Scale Integration (VLSI) Systems;28;9;9144638;2055;2068;;;10.1109/TVLSI.2020.3002211;https://www.scopus.com/inward/record.uri?eid=2-s2.0-85090464303&doi=10.1109%2fTVLSI.2020.3002211&partnerID=40&md5=21d98fdaa0834b33065444dee6c8751e;Article;Final;;Scopus;2-s2.0-85090464303
Chaudhuri, A., Banerjee, S., Park, H., Kim, J., Murali, G., Lee, E., Kim, D., Lim, S.K., Mukhopadhyay, S., Chakrabarty, K.;Advances in Design and Test of Monolithic 3-D ICs;2020;IEEE Design and Test;37;4;9072115;92;100;;5;10.1109/MDAT.2020.2988657;https://www.scopus.com/inward/record.uri?eid=2-s2.0-85083714437&doi=10.1109%2fMDAT.2020.2988657&partnerID=40&md5=3a2dc673a6aa773298a3a751ca579cc8;Article;Final;;Scopus;2-s2.0-85083714437
Ballani, H., Costa, P., Behrendt, R., Cletheroe, D., Haller, I., Jozwik, K., Karinou, F., Lange, S., Shi, K., Thomsen, B., Williams, H.;Sirius: A Flat Datacenter Network with Nanosecond Optical Switching;2020;SIGCOMM 2020 - Proceedings of the 2020 Annual Conference of the ACM Special Interest Group on Data Communication on the Applications, Technologies, Architectures, and Protocols for Computer Communication;;;;782;797;;65;10.1145/3387514.3406221;https://www.scopus.com/inward/record.uri?eid=2-s2.0-85094848827&doi=10.1145%2f3387514.3406221&partnerID=40&md5=f497c49155bf3e9eb209abbd95184562;Conference Paper;Final;;Scopus;2-s2.0-85094848827
Hill, M.R.;The case of soviet mechanical engineering;2020;Icon;25;1;;56;77;;;;https://www.scopus.com/inward/record.uri?eid=2-s2.0-85100917306&partnerID=40&md5=ab4a8290f6957cbfa73466e3672c29d5;Article;Final;;Scopus;2-s2.0-85100917306
Lu, C., Chang, F., Rong, K., Shi, Y., Yu, X.;Deprecated in policy, abundant in market? The frugal innovation of Chinese low-speed EV industry;2020;International Journal of Production Economics;225;;107583;;;;7;10.1016/j.ijpe.2019.107583;https://www.scopus.com/inward/record.uri?eid=2-s2.0-85076827081&doi=10.1016%2fj.ijpe.2019.107583&partnerID=40&md5=99869fff2941c5402d907d84044fd377;Article;Final;;Scopus;2-s2.0-85076827081
Chun, H., Hur, J., Kim, D., Son, N.S.;Cross-Border Vertical Integration and Technology in Factory Asia: Evidence from Korea;2020;Developing Economies;58;2;;99;133;;3;10.1111/deve.12228;https://www.scopus.com/inward/record.uri?eid=2-s2.0-85085069063&doi=10.1111%2fdeve.12228&partnerID=40&md5=02d1c215e47f70ff10dbef4bc7a26775;Article;Final;;Scopus;2-s2.0-85085069063
Baumgartel, H., Verbeet, R.;Service and Agent based System Architectures for Industrie 4.0 Systems;2020;Proceedings of IEEE/IFIP Network Operations and Management Symposium 2020: Management in the Age of Softwarization and Artificial Intelligence, NOMS 2020;;;9110406;;;;6;10.1109/NOMS47738.2020.9110406;https://www.scopus.com/inward/record.uri?eid=2-s2.0-85086756344&doi=10.1109%2fNOMS47738.2020.9110406&partnerID=40&md5=f0ea11ae9381bef8eeb18f3b5b87687f;Conference Paper;Final;;Scopus;2-s2.0-85086756344
Kim, J.-H., Komatsu, T., Owan, H.;The role of design method and process technology in stable outsourcing equilibria;2020;International Journal of Industrial Organization;69;;102565;;;;;10.1016/j.ijindorg.2019.102565;https://www.scopus.com/inward/record.uri?eid=2-s2.0-85077466410&doi=10.1016%2fj.ijindorg.2019.102565&partnerID=40&md5=489e4faa0653279866a8ae8efe6c2a0a;Article;Final;;Scopus;2-s2.0-85077466410
Romero, D., Gaiardelli, P., Wuest, T., Powell, D., Thürer, M.;New Forms of Gemba Walks and Their Digital Tools in the Digital Lean Manufacturing World;2020;IFIP Advances in Information and Communication Technology;592 IFIP;;;432;440;;6;10.1007/978-3-030-57997-5_50;https://www.scopus.com/inward/record.uri?eid=2-s2.0-85090175036&doi=10.1007%2f978-3-030-57997-5_50&partnerID=40&md5=b7dfe1fc006a786ca9ef3535b52314d3;Conference Paper;Final;;Scopus;2-s2.0-85090175036
Piedade, F., Baptista, M., Chaves, P.;In2DIG - Implementation of a digital manufacturing system in a production cell of the metal mold industry: From planning to action;2020;Procedia Manufacturing;42;;;104;110;;2;10.1016/j.promfg.2020.02.030;https://www.scopus.com/inward/record.uri?eid=2-s2.0-85084206709&doi=10.1016%2fj.promfg.2020.02.030&partnerID=40&md5=d515f71f4dac50fd9501827bb3ebc95e;Conference Paper;Final;All Open Access, Bronze;Scopus;2-s2.0-85084206709
Schmied, S., Großmann, D., Mathias, S.G., Banerjee, S.;Vertical Integration via Dynamic Aggregation of Information in OPC UA;2020;Communications in Computer and Information Science;1178 CCIS;;;204;215;;8;10.1007/978-981-15-3380-8_18;https://www.scopus.com/inward/record.uri?eid=2-s2.0-85082119512&doi=10.1007%2f978-981-15-3380-8_18&partnerID=40&md5=bf02e92df44313749474d2f60f78f03d;Conference Paper;Final;;Scopus;2-s2.0-85082119512
Basant, R., Mishra, P.;Impact of Vertical Integration on Market Power in Indian Manufacturing Sector During the Post-Reform Period;2019;Journal of Industry, Competition and Trade;19;4;;561;581;;;10.1007/s10842-019-00294-4;https://www.scopus.com/inward/record.uri?eid=2-s2.0-85062156771&doi=10.1007%2fs10842-019-00294-4&partnerID=40&md5=6943653e869a0beccf5229cd4cfc91ff;Article;Final;;Scopus;2-s2.0-85062156771
Mehra, A., Mathur, N., Tripathi, V.;Sahaj Crafts: the challenge of alleviating poverty in Western Rajasthan;2019;Emerald Emerging Markets Case Studies;9;1;;1;45;;3;10.1108/EEMCS-06-2018-0099;https://www.scopus.com/inward/record.uri?eid=2-s2.0-85078444983&doi=10.1108%2fEEMCS-06-2018-0099&partnerID=40&md5=e39544ba5b8244efb73787d00568f7cf;Article;Final;;Scopus;2-s2.0-85078444983
Milliou, C., Petrakis, E.;Vertical integration and knowledge disclosure;2019;Economics Letters;177;;;9;13;;6;10.1016/j.econlet.2019.01.017;https://www.scopus.com/inward/record.uri?eid=2-s2.0-85060526769&doi=10.1016%2fj.econlet.2019.01.017&partnerID=40&md5=7339c3dedd82427c029bec244c4e8033;Article;Final;;Scopus;2-s2.0-85060526769
Bazzoli, G.J., Harless, D.W., Chukmaitov, A.S.;A taxonomy of hospitals participating in Medicare accountable care organizations;2019;Health Care Management Review;44;2;;93;103;;10;10.1097/HMR.0000000000000159;https://www.scopus.com/inward/record.uri?eid=2-s2.0-85014559015&doi=10.1097%2fHMR.0000000000000159&partnerID=40&md5=bf0844b3a2e378c5ba1b8a0fba14fe4e;Article;Final;All Open Access, Green;Scopus;2-s2.0-85014559015
Zhang, Y., Rao, X., Wang, H.H.;Organization, technology and management innovations through acquisition in China's pork value chains: The case of the Smithfield acquisition by Shuanghui;2019;Food Policy;83;;;337;345;;11;10.1016/j.foodpol.2017.08.004;https://www.scopus.com/inward/record.uri?eid=2-s2.0-85028310229&doi=10.1016%2fj.foodpol.2017.08.004&partnerID=40&md5=30f3911db988d3641cfdc484b7c863e8;Article;Final;;Scopus;2-s2.0-85028310229
Byrd, V.L.;Facilitating Deep Learning Through Vertical Integration Between Data Visualization Courses Within an Undergraduate Data Visualization Curriculum;2019;Communications in Computer and Information Science;1034;;;193;201;;;10.1007/978-3-030-23525-3_25;https://www.scopus.com/inward/record.uri?eid=2-s2.0-85069700778&doi=10.1007%2f978-3-030-23525-3_25&partnerID=40&md5=6a726dc2057557989808d79e7b805fc4;Conference Paper;Final;;Scopus;2-s2.0-85069700778
Lee, G., Lee, B., Jeong, J.-Y., Lee, J.;Ka-Band Surface-Mount Cross-Coupled SIW Filter with Multi-Layered Microstrip-to-GCPW Transition;2019;IEEE Access;7;;8721044;66453;66462;;4;10.1109/ACCESS.2019.2918588;https://www.scopus.com/inward/record.uri?eid=2-s2.0-85067177488&doi=10.1109%2fACCESS.2019.2918588&partnerID=40&md5=4a855afb6f4f949d65bd21b5748458d3;Article;Final;All Open Access, Gold;Scopus;2-s2.0-85067177488
Hussain, S.T., Malik, K.Z., Faheem, A., Khan, U.;An analysis of the garment sector of Pakistan within a global value chain framework;2019;International Journal of Supply Chain Management;8;2;;505;522;;;;https://www.scopus.com/inward/record.uri?eid=2-s2.0-85064978715&partnerID=40&md5=9fea0bdd26941416cac3b84966bbeb35;Article;Final;;Scopus;2-s2.0-85064978715
Wang, C.N., Ho, H.-X.T., Luo, S.-H., Yang, Y.-S.;Using Malmquist index to select the strategic partners in vertical integration: the case of Taiwan LED supply chain;2018;Applied Economics Letters;25;19;;1336;1341;;1;10.1080/13504851.2017.1420875;https://www.scopus.com/inward/record.uri?eid=2-s2.0-85039035956&doi=10.1080%2f13504851.2017.1420875&partnerID=40&md5=5b9c18fbd5ce44f3face168b3bf6f230;Article;Final;;Scopus;2-s2.0-85039035956
Muller, T., Doran, H.D.;PROFINET Real-Time Protection Layer: Performance Analysis of Cryptographic and Protocol Processing Overhead;2018;IEEE International Conference on Emerging Technologies and Factory Automation, ETFA;2018-September;;8502670;258;265;;6;10.1109/ETFA.2018.8502670;https://www.scopus.com/inward/record.uri?eid=2-s2.0-85057255794&doi=10.1109%2fETFA.2018.8502670&partnerID=40&md5=5b64eaba4c7ad799bbdabbb7ca1d9cc1;Conference Paper;Final;All Open Access, Green;Scopus;2-s2.0-85057255794
Gupta, S., Tyagi, K.;Information and communications technology markets cases in competition law;2018;Economic and Political Weekly;53;38;;53;60;;;;https://www.scopus.com/inward/record.uri?eid=2-s2.0-85053794840&partnerID=40&md5=7a68217489e0d7a64d0cefb6b5f06864;Article;Final;;Scopus;2-s2.0-85053794840
Ilchenko, N., Kulik, A., Magda, R.;Trends in development of wholesale trade in Ukraine;2018;Economic Annals-XXI;170;3-4;;38;42;;3;10.21003/ea.V170-07;https://www.scopus.com/inward/record.uri?eid=2-s2.0-85057448650&doi=10.21003%2fea.V170-07&partnerID=40&md5=574d7e32d4f77a2f6f06679050c7d009;Article;Final;All Open Access, Bronze;Scopus;2-s2.0-85057448650
Hamister, J.W., Magazine, M.J., Polak, G.G.;Integrating Analytics Through the Big Data Information Chain: A Case From Supply Chain Management;2018;Journal of Business Logistics;39;3;;220;230;;9;10.1111/jbl.12192;https://www.scopus.com/inward/record.uri?eid=2-s2.0-85052873961&doi=10.1111%2fjbl.12192&partnerID=40&md5=0927649a21f90bfc65d2e713be76e38a;Conference Paper;Final;;Scopus;2-s2.0-85052873961
Luo, J., Triulzi, G.;Cyclic dependence, vertical integration, and innovation: The case of Japanese electronics sector in the 1990s;2018;Technological Forecasting and Social Change;132;;;46;55;;8;10.1016/j.techfore.2017.12.009;https://www.scopus.com/inward/record.uri?eid=2-s2.0-85040105551&doi=10.1016%2fj.techfore.2017.12.009&partnerID=40&md5=0997d975831e461b88f7240ea0f2a15c;Article;Final;;Scopus;2-s2.0-85040105551
Khan, M.A., Peters, S., Sahinel, D., Pozo-Pardo, F.D., Dang, X.-T.;Understanding autonomic network management: A look into the past, a solution for the future;2018;Computer Communications;122;;;93;117;;14;10.1016/j.comcom.2018.01.014;https://www.scopus.com/inward/record.uri?eid=2-s2.0-85044966869&doi=10.1016%2fj.comcom.2018.01.014&partnerID=40&md5=94139fc7e5a3b0b791ee56d8a9fb6612;Article;Final;;Scopus;2-s2.0-85044966869
Kataoka, M., Hosikawa, N., Noguchi, H., Demizu, T., Yamato, Y.;Tacit computing and its application for open IoT era;2018;CCNC 2018 - 2018 15th IEEE Annual Consumer Communications and Networking Conference;2018-January;;;1;5;;2;10.1109/CCNC.2018.8319240;https://www.scopus.com/inward/record.uri?eid=2-s2.0-85046959916&doi=10.1109%2fCCNC.2018.8319240&partnerID=40&md5=78bfd2b3841606e277eecbea99db10db;Conference Paper;Final;;Scopus;2-s2.0-85046959916
Przybył, A.;Hard real-time communication solution for mechatronic systems;2018;Robotics and Computer-Integrated Manufacturing;49;;;309;316;;5;10.1016/j.rcim.2017.08.001;https://www.scopus.com/inward/record.uri?eid=2-s2.0-85027506211&doi=10.1016%2fj.rcim.2017.08.001&partnerID=40&md5=7a6738992ca7f917fc1086e85f84b9d8;Article;Final;;Scopus;2-s2.0-85027506211
Zamalloa, I., Hernández, A., Kojcev, R., Muguruza, I., Mayoral, V., Robotics, E.;HRIM: The hardware robot information model;2018;50th International Symposium on Robotics, ISR 2018;;;;135;138;;;;https://www.scopus.com/inward/record.uri?eid=2-s2.0-85059415869&partnerID=40&md5=051029962414981d28c8b58bb68cf878;Conference Paper;Final;;Scopus;2-s2.0-85059415869
Lamboll, R., Martin, A., Sanni, L., Adebayo, K., Graffham, A., Kleih, U., Abayomi, L., Westby, A.;Shaping, adapting and reserving the right to play: Responding to uncertainty in high quality cassava flour value chains in Nigeria;2018;Journal of Agribusiness in Developing and Emerging Economies;8;1;;54;76;;11;10.1108/JADEE-03-2017-0036;https://www.scopus.com/inward/record.uri?eid=2-s2.0-85042560865&doi=10.1108%2fJADEE-03-2017-0036&partnerID=40&md5=5095fba1ec777a6b7b7fa9003eff3dae;Article;Final;All Open Access, Green;Scopus;2-s2.0-85042560865
Del Prete, D., Rungi, A.;Organizing the global value chain: A firm-level test;2017;Journal of International Economics;109;;;16;30;;26;10.1016/j.jinteco.2017.08.003;https://www.scopus.com/inward/record.uri?eid=2-s2.0-85033722012&doi=10.1016%2fj.jinteco.2017.08.003&partnerID=40&md5=8157e390a6a97fa3c795b999072fac94;Article;Final;All Open Access, Green;Scopus;2-s2.0-85033722012
Filippini, L., Vergari, C.;Vertical integration smooths innovation diffusion;2017;B.E. Journal of Economic Analysis and Policy;17;3;20160126;;;;4;10.1515/bejeap-2016-0126;https://www.scopus.com/inward/record.uri?eid=2-s2.0-85037688246&doi=10.1515%2fbejeap-2016-0126&partnerID=40&md5=8a2eedbc646327b69a328d4b391c065f;Article;Final;All Open Access, Green;Scopus;2-s2.0-85037688246
Yoo, C.S.;Avoiding the Pitfalls of Net Uniformity: Zero Rating and Nondiscrimination;2017;Review of Industrial Organization;50;4;;509;536;;5;10.1007/s11151-016-9555-7;https://www.scopus.com/inward/record.uri?eid=2-s2.0-85001871794&doi=10.1007%2fs11151-016-9555-7&partnerID=40&md5=15884bd675db4b727e77a7d139ae4c81;Article;Final;All Open Access, Green;Scopus;2-s2.0-85001871794
La Sala, P., Faccilongo, N., Fiore, M.;Integrated management of the PGI 'Matera' Bread chain;2017;World Review of Entrepreneurship, Management and Sustainable Development;13;5-6;;665;683;;3;10.1504/WREMSD.2017.086336;https://www.scopus.com/inward/record.uri?eid=2-s2.0-85029479639&doi=10.1504%2fWREMSD.2017.086336&partnerID=40&md5=91c86158f9b978df403bd17fb12ea814;Article;Final;;Scopus;2-s2.0-85029479639
Hoffmann, M., Meisen, T., Jeschke, S.;OPC UA based ERP agents: Enabling scalable communication solutions in heterogeneous automation environments;2017;Lecture Notes in Computer Science (including subseries Lecture Notes in Artificial Intelligence and Lecture Notes in Bioinformatics);10349 LNCS;;;120;131;;6;10.1007/978-3-319-59930-4_10;https://www.scopus.com/inward/record.uri?eid=2-s2.0-85021745192&doi=10.1007%2f978-3-319-59930-4_10&partnerID=40&md5=8aeb3eeeb8387768e38e9193931a4cb9;Conference Paper;Final;;Scopus;2-s2.0-85021745192
Bygstad, B., Lanestedt, G.;Expectations and realities in welfare technologies: A comparative study of Japan and Norway;2017;Transforming Government: People, Process and Policy;11;2;;286;303;;4;10.1108/TG-09-2016-0057;https://www.scopus.com/inward/record.uri?eid=2-s2.0-85020683099&doi=10.1108%2fTG-09-2016-0057&partnerID=40&md5=3fe37ec816d4fa9d26ee8850b06d0458;Article;Final;;Scopus;2-s2.0-85020683099
Vanpoucke, E., Vereecke, A., Muylle, S.;Leveraging the impact of supply chain integration through information technology;2017;International Journal of Operations and Production Management;37;4;;510;530;;133;10.1108/IJOPM-07-2015-0441;https://www.scopus.com/inward/record.uri?eid=2-s2.0-85015375429&doi=10.1108%2fIJOPM-07-2015-0441&partnerID=40&md5=e4fa031b37da4e92bf1947eac0695cbe;Article;Final;;Scopus;2-s2.0-85015375429
Tong, Y.;Model for evaluating the green supply chain performance under low-carbon agricultural economy environment with 2-tuple linguistic information;2017;Journal of Intelligent and Fuzzy Systems;32;3;;2717;2723;;11;10.3233/JIFS-16802;https://www.scopus.com/inward/record.uri?eid=2-s2.0-85014274823&doi=10.3233%2fJIFS-16802&partnerID=40&md5=773c1dca752f2eadf867a5b8e934877b;Article;Final;;Scopus;2-s2.0-85014274823
Yanxin, Z., Lixia, S., Sujian, L.;Differences analysis and collaborative development research on low-carbon logistics in Beijing-Tianjin-Hebei;2016;RISTI - Revista Iberica de Sistemas e Tecnologias de Informacao;2016;E8;;257;266;;;;https://www.scopus.com/inward/record.uri?eid=2-s2.0-85040513252&partnerID=40&md5=c0dc80306b4d5ffd00a2e1e5bcf43fa5;Article;Final;;Scopus;2-s2.0-85040513252
Fonfara, K., Ratajczak-Mrozek, M., Leszczyński, G.;Change and transformation of networks and relationships — Fundamental aspects of business reality;2016;Industrial Marketing Management;58;;;187;189;;5;10.1016/j.indmarman.2016.06.004;https://www.scopus.com/inward/record.uri?eid=2-s2.0-84991628686&doi=10.1016%2fj.indmarman.2016.06.004&partnerID=40&md5=e9f7fced3c9866dde1e1f46ecb6385d0;Conference Paper;Final;;Scopus;2-s2.0-84991628686
Gelves, J.A., Heywood, J.S.;Pre-emptive mergers and downstream cost asymmetry;2016;Economics Letters;147;;;23;26;;1;10.1016/j.econlet.2016.08.006;https://www.scopus.com/inward/record.uri?eid=2-s2.0-84983451485&doi=10.1016%2fj.econlet.2016.08.006&partnerID=40&md5=b59dc9be8493fa72b51455c91ae2871b;Article;Final;;Scopus;2-s2.0-84983451485
Triebs, T.P., Saal, D.S., Arocena, P., Kumbhakar, S.C.;Estimating economies of scale and scope with flexible technology;2016;Journal of Productivity Analysis;45;2;;173;186;;31;10.1007/s11123-016-0467-1;https://www.scopus.com/inward/record.uri?eid=2-s2.0-84975745647&doi=10.1007%2fs11123-016-0467-1&partnerID=40&md5=458c4acfeca8df22c2d3b3274b3542e0;Article;Final;All Open Access, Green;Scopus;2-s2.0-84975745647
Xu, N., Xu, Y.;Research on the key success factors of reverse innovation of the latecomer engineering and technical services enterprises;2016;Journal of Science and Technology Policy Management;7;1;;58;76;;9;10.1108/JSTPM-04-2015-0015;https://www.scopus.com/inward/record.uri?eid=2-s2.0-84958044503&doi=10.1108%2fJSTPM-04-2015-0015&partnerID=40&md5=7350ea8aa7a079670ade7bae19fac584;Article;Final;;Scopus;2-s2.0-84958044503
Helfat, C.E., Campo-Rembado, M.A.;Integrative capabilities, vertical integration, and innovation over successive technology lifecycles;2016;Organization Science;27;2;;249;264;;69;10.1287/orsc.2015.1045;https://www.scopus.com/inward/record.uri?eid=2-s2.0-84963553687&doi=10.1287%2forsc.2015.1045&partnerID=40&md5=921734113a9b3db0fd93b318049c05cd;Article;Final;;Scopus;2-s2.0-84963553687
Ma, Y.;National strategy and industrial governance shift: Transformation of the power transmission and distribution industry in china;2016;China: An International Journal;14;1;;101;111;;1;;https://www.scopus.com/inward/record.uri?eid=2-s2.0-84960110688&partnerID=40&md5=e2e7d2123b3f1e522bedfce1b897b758;Article;Final;;Scopus;2-s2.0-84960110688
Bruno, M., Duma, R., Scannapieco, M., Silipo, M., Vaste, G.;CORE: A concrete implementation of the CSPA architecture;2016;Statistical Journal of the IAOS;32;4;;591;596;;;10.3233/SJI-160977;https://www.scopus.com/inward/record.uri?eid=2-s2.0-84999040208&doi=10.3233%2fSJI-160977&partnerID=40&md5=684e8b04f7bb8a6eeb1d78f3edb66901;Conference Paper;Final;;Scopus;2-s2.0-84999040208
Ismail, A., Kastner, W.;Vertical integration in industrial enterprises and distributed middleware;2016;International Journal of Internet Protocol Technology;9;2-3;;79;89;;6;10.1504/IJIPT.2016.079547;https://www.scopus.com/inward/record.uri?eid=2-s2.0-84990198846&doi=10.1504%2fIJIPT.2016.079547&partnerID=40&md5=e9b7e0a45ef4f6dfe478fe2a45395729;Article;Final;;Scopus;2-s2.0-84990198846
Christmann, D., Schmidt, A., Giehl, C., Reichardt, M., Ohmer, M., Berg, M., Berns, K., Gotzhein, R., Herfet, T.;Vertical integration and adaptive services in networked production environments;2016;Lecture Notes in Business Information Processing;245;;;147;162;;2;10.1007/978-3-319-32799-0_12;https://www.scopus.com/inward/record.uri?eid=2-s2.0-84964430211&doi=10.1007%2f978-3-319-32799-0_12&partnerID=40&md5=237abc9795b93bcdd3bab5a62ab73d4b;Conference Paper;Final;;Scopus;2-s2.0-84964430211
Cainelli, G., Iacobucci, D.;Vertical Integration, Organizational Governance, and Firm Performance: Evidence from Italian Business Groups;2015;Managerial and Decision Economics;36;8;;517;527;;3;10.1002/mde.2691;https://www.scopus.com/inward/record.uri?eid=2-s2.0-84946040574&doi=10.1002%2fmde.2691&partnerID=40&md5=cce8b6b2eeaa4d0fdf0108541fa9cab2;Article;Final;;Scopus;2-s2.0-84946040574
Walsh, S.T., Marinakis, Y.D., Boylan, R.;Teaching case and teaching note systems equipment division at Ferrofluidics;2015;Technological Forecasting and Social Change;100;;;29;38;;4;10.1016/j.techfore.2015.06.009;https://www.scopus.com/inward/record.uri?eid=2-s2.0-84949534349&doi=10.1016%2fj.techfore.2015.06.009&partnerID=40&md5=97eb3c12eb8ac5be63409bd7e2085aef;Article;Final;;Scopus;2-s2.0-84949534349
Huth, C., Kieckhäfer, K., Spengler, T.S.;Make-or-buy strategies for electric vehicle batteries-a simulation-based analysis;2015;Technological Forecasting and Social Change;99;;;22;34;;14;10.1016/j.techfore.2015.06.027;https://www.scopus.com/inward/record.uri?eid=2-s2.0-84935523802&doi=10.1016%2fj.techfore.2015.06.027&partnerID=40&md5=4f229dfb4255bb3b1d1be94e1284c279;Article;Final;;Scopus;2-s2.0-84935523802
Khasanvis, S., Rahman, M., Li, M., Shi, J., Moritz, C.A.;Architecting connectivity for fine-grained 3-D vertically integrated circuits;2015;Proceedings of the 2015 IEEE/ACM International Symposium on Nanoscale Architectures, NANOARCH 2015;;;7180608;175;180;;9;10.1109/NANOARCH.2015.7180608;https://www.scopus.com/inward/record.uri?eid=2-s2.0-84949551029&doi=10.1109%2fNANOARCH.2015.7180608&partnerID=40&md5=1a7cc8082d7e95893da0e45030daf551;Conference Paper;Final;;Scopus;2-s2.0-84949551029
Shi, J., Li, M., Rahman, M., Khasanvis, S., Moritz, C.A.;Architecting NP-dynamic skybridge;2015;Proceedings of the 2015 IEEE/ACM International Symposium on Nanoscale Architectures, NANOARCH 2015;;;7180607;169;174;;6;10.1109/NANOARCH.2015.7180607;https://www.scopus.com/inward/record.uri?eid=2-s2.0-84949550658&doi=10.1109%2fNANOARCH.2015.7180607&partnerID=40&md5=8fc4a5c13e00988174c830803193ac67;Conference Paper;Final;All Open Access, Green;Scopus;2-s2.0-84949550658
Lehmberg, D.;Do Japanese electronics firms still follow traditional vertical integration strategies? Evidence from the liquid crystal display industry;2015;Asia Pacific Business Review;21;3;;311;332;;1;10.1080/13602381.2015.1020194;https://www.scopus.com/inward/record.uri?eid=2-s2.0-84929605682&doi=10.1080%2f13602381.2015.1020194&partnerID=40&md5=be7d134b2e0b2b4df6fd9486a8b733b0;Article;Final;;Scopus;2-s2.0-84929605682
Valdes, C., Hallahan, C., Harvey, D.;Brazil's broiler industry: Increasing efficiency and trade;2015;International Food and Agribusiness Management Review;18;SpecialIssueA;;263;275;;6;;https://www.scopus.com/inward/record.uri?eid=2-s2.0-84938083739&partnerID=40&md5=acb0e6c62a69d120217a83c85ce6b3b4;Article;Final;;Scopus;2-s2.0-84938083739
Feess, E., Thun, J.-H.;Surplus division and investment incentives in supply chains: A biform-game analysis;2014;European Journal of Operational Research;234;3;;763;773;;20;10.1016/j.ejor.2013.09.039;https://www.scopus.com/inward/record.uri?eid=2-s2.0-84892809458&doi=10.1016%2fj.ejor.2013.09.039&partnerID=40&md5=bc73cc27adfa8b3aafe960f46ae182c3;Article;Final;;Scopus;2-s2.0-84892809458
Markusen, J.R., Xie, Y.;Outsourcing versus vertical integration: Ethier-Markusen meets the property-rights approach;2014;International Journal of Economic Theory;10;1;;75;90;;6;10.1111/ijet.12028;https://www.scopus.com/inward/record.uri?eid=2-s2.0-84894045037&doi=10.1111%2fijet.12028&partnerID=40&md5=cefee036018a79e4829aa29c69ce17c6;Article;Final;;Scopus;2-s2.0-84894045037
Schmidt, K.M.;Complementary patents and market structure;2014;Journal of Economics and Management Strategy;23;1;;68;88;;12;10.1111/jems.12041;https://www.scopus.com/inward/record.uri?eid=2-s2.0-84891899184&doi=10.1111%2fjems.12041&partnerID=40&md5=46be1f87b160c79e1125390a4485cd91;Article;Final;All Open Access, Green;Scopus;2-s2.0-84891899184
Sabry, M.M., Atienza, D.;Temperature-Aware Design and Management for 3D Multi-Core Architectures;2014;Foundations and Trends in Electronic Design Automation;8;2;;117;197;;6;10.1561/1000000032;https://www.scopus.com/inward/record.uri?eid=2-s2.0-84893499333&doi=10.1561%2f1000000032&partnerID=40&md5=98569c240e446bfef11ed564bfaeafde;Article;Final;All Open Access, Green;Scopus;2-s2.0-84893499333
Majumdar, R.;Business decision making, production technology and process efficiency;2014;International Journal of Emerging Markets;9;1;;79;97;;3;10.1108/IJoEM-03-2011-0023;https://www.scopus.com/inward/record.uri?eid=2-s2.0-84926291698&doi=10.1108%2fIJoEM-03-2011-0023&partnerID=40&md5=aa11815a4c5bfbea772cf9bced34c2b6;Article;Final;;Scopus;2-s2.0-84926291698
Mu, J., Sefunc, M.A., Garcia-Blanco, S.M.;Design and length optimization of an adiabatic coupler for on-chip vertical integration of rare-earth-doped double tungstate waveguide amplifiers;2014;International Conference on Transparent Optical Networks;;;6876570;;;;7;10.1109/ICTON.2014.6876570;https://www.scopus.com/inward/record.uri?eid=2-s2.0-84906751095&doi=10.1109%2fICTON.2014.6876570&partnerID=40&md5=0870c84b347435b882de29b60f678fb4;Conference Paper;Final;;Scopus;2-s2.0-84906751095
Avenali, A., Matteucci, G., Reverberi, P.;Broadband investment and welfare under functional and ownership separation;2014;Information Economics and Policy;28;1;;70;82;;12;10.1016/j.infoecopol.2014.07.003;https://www.scopus.com/inward/record.uri?eid=2-s2.0-84906491164&doi=10.1016%2fj.infoecopol.2014.07.003&partnerID=40&md5=7fcb4c80ac843994aab1677f4e17496e;Article;Final;;Scopus;2-s2.0-84906491164
Durugbo, C., Tiwari, A., Alcock, J.R.;Managing integrated information flow for delivery reliability;2014;Industrial Management and Data Systems;114;4;17110437;628;651;;12;10.1108/IMDS-10-2013-0430;https://www.scopus.com/inward/record.uri?eid=2-s2.0-84899896336&doi=10.1108%2fIMDS-10-2013-0430&partnerID=40&md5=9b26c872d12974578ac23e57d98fe819;Article;Final;;Scopus;2-s2.0-84899896336
González, J.M.H., Chacón, I.H.;The causal effects of product innovation, web technology and vertical integration on firm efficiency in the fashion industry;2014;Innovation: Management, Policy and Practice;16;1;;144;157;;5;10.5172/impp.2014.16.1.144;https://www.scopus.com/inward/record.uri?eid=2-s2.0-84899874940&doi=10.5172%2fimpp.2014.16.1.144&partnerID=40&md5=ad2c2d3bf7018ad8dcd36e67f185c3fb;Article;Final;All Open Access, Green;Scopus;2-s2.0-84899874940
Liu, X., Yeap, G., Tao, J., Zeng, X.;Integrated algorithm for 3-D IC through-silicon via assignment;2014;IEEE Transactions on Very Large Scale Integration (VLSI) Systems;22;3;6477163;655;666;;6;10.1109/TVLSI.2013.2246876;https://www.scopus.com/inward/record.uri?eid=2-s2.0-84895927100&doi=10.1109%2fTVLSI.2013.2246876&partnerID=40&md5=5e930dbc325a29b3391675072079406d;Article;Final;;Scopus;2-s2.0-84895927100
Shiromura, M., Suzuki, H.;Solution based business as virtually vertical integration;2013;2013 Proceedings of PICMET 2013: Technology Management in the IT-Driven Services;;;6641748;1107;1112;;1;;https://www.scopus.com/inward/record.uri?eid=2-s2.0-84890831802&partnerID=40&md5=7fa0591cae882e5c97db2577c512f2af;Conference Paper;Final;;Scopus;2-s2.0-84890831802
Pramudianto, F., Simon, J., Eisenhauer, M., Khaleel, H., Pastrone, C., Spirito, M.;Prototyping the Internet of Things for the future factory using a SOA-based middleware and reliable WSNs;2013;IEEE International Conference on Emerging Technologies and Factory Automation, ETFA;;;6648066;;;;6;10.1109/ETFA.2013.6648066;https://www.scopus.com/inward/record.uri?eid=2-s2.0-84890730105&doi=10.1109%2fETFA.2013.6648066&partnerID=40&md5=ae04be66e2900f74221e209239319f60;Conference Paper;Final;;Scopus;2-s2.0-84890730105
Czybik, B., Hausmann, S., Heiss, S., Jasperneite, J.;Performance evaluation of MAC algorithms for real-time Ethernet communication systems;2013;IEEE International Conference on Industrial Informatics (INDIN);;;6622965;676;681;;11;10.1109/INDIN.2013.6622965;https://www.scopus.com/inward/record.uri?eid=2-s2.0-84889033953&doi=10.1109%2fINDIN.2013.6622965&partnerID=40&md5=8e06c5eee09b6d0141c4ba91c8b0b731;Conference Paper;Final;;Scopus;2-s2.0-84889033953
Wang, J.-H., Su, L.-H.;Research on port supply chain logistics integration based on the internet of things;2013;Information Technology Journal;12;14;;2845;2850;;1;10.3923/itj.2013.2845.2850;https://www.scopus.com/inward/record.uri?eid=2-s2.0-84892568163&doi=10.3923%2fitj.2013.2845.2850&partnerID=40&md5=4206321d5c82141bbf8289eb5349e180;Article;Final;;Scopus;2-s2.0-84892568163
Norasingh, X.;Foreign direct investment and knowledge transfer in Laos;2013;Asian Journal of Technology Innovation;21;SUPPL1;;139;156;;4;10.1080/19761597.2013.819238;https://www.scopus.com/inward/record.uri?eid=2-s2.0-84887099589&doi=10.1080%2f19761597.2013.819238&partnerID=40&md5=f953c5853a9ff84d25038adbad3ccd80;Article;Final;;Scopus;2-s2.0-84887099589
McCaffrey, S.J.;Tacit-rich districts and globalization: Changes in the Italian textile and apparel production system;2013;Socio-Economic Review;11;4;mwt005;657;685;;11;10.1093/ser/mwt005;https://www.scopus.com/inward/record.uri?eid=2-s2.0-84884767920&doi=10.1093%2fser%2fmwt005&partnerID=40&md5=ecb1b1b10808e48f40b2de10034e312d;Article;Final;;Scopus;2-s2.0-84884767920
Ray, G., Xue, L., Barney, J.B.;Impact of information technology capital on firm scope and performance: The role of asset characteristics;2013;Academy of Management Journal;56;4;;1125;1147;;62;10.5465/amj.2010.0874;https://www.scopus.com/inward/record.uri?eid=2-s2.0-84884991457&doi=10.5465%2famj.2010.0874&partnerID=40&md5=ee9ec939d3f5f97fee20ca6155602855;Article;Final;;Scopus;2-s2.0-84884991457
Rawley, E., Simcoe, T.S.;Information technology, productivity, and asset ownership: Evidence from taxicab fleets;2013;Organization Science;24;3;;831;845;;15;10.1287/orsc.1120.0758;https://www.scopus.com/inward/record.uri?eid=2-s2.0-84877970239&doi=10.1287%2forsc.1120.0758&partnerID=40&md5=116445683b816aa44d5eb4ec4e4446da;Article;Final;All Open Access, Green;Scopus;2-s2.0-84877970239
Legros, P., Newman, A.F.;A price theory of vertical and lateral integration;2013;Quarterly Journal of Economics;128;2;;725;770;;27;10.1093/qje/qjs075;https://www.scopus.com/inward/record.uri?eid=2-s2.0-84870347591&doi=10.1093%2fqje%2fqjs075&partnerID=40&md5=97ea7a09e297bfc313965ddce3156ccd;Article;Final;All Open Access, Green;Scopus;2-s2.0-84870347591
Schäfferling, A., Wagner, H.-T.;Do investors recognize information technology as a strategic asset? a longitudinal analysis of changes in ownership structure and it capability;2013;ECIS 2013 - Proceedings of the 21st European Conference on Information Systems;;;;;;;5;;https://www.scopus.com/inward/record.uri?eid=2-s2.0-84905842144&partnerID=40&md5=6653fbf6f4c67fa56562c2d203980b82;Conference Paper;Final;;Scopus;2-s2.0-84905842144
Carmona-Galán, R., Zarándy, Á., Rekeczky, C., Földesy, P., Rodríguez-Pérez, A., Domínguez-Matas, C., Fernández-Berni, J., Liñán-Cembrano, G., Pérez-Verdú, B., Kárász, Z., Suárez-Cambre, M., Brea-Sánchez, V., Roska, T., Rodríguez-Vázquez, Á.;A hierarchical vision processing architecture oriented to 3D integration of smart camera chips;2013;Journal of Systems Architecture;59;10 PART A;;908;919;;7;10.1016/j.sysarc.2013.03.002;https://www.scopus.com/inward/record.uri?eid=2-s2.0-84888355041&doi=10.1016%2fj.sysarc.2013.03.002&partnerID=40&md5=4668b29c5a461870a10116ebfaccf9a0;Article;Final;;Scopus;2-s2.0-84888355041
Xue, L., Ray, G., Sambamurthy, V.;The impact of supply-side electronic integration on customer service performance;2013;Journal of Operations Management;31;6;;363;375;;40;10.1016/j.jom.2013.07.010;https://www.scopus.com/inward/record.uri?eid=2-s2.0-84885959773&doi=10.1016%2fj.jom.2013.07.010&partnerID=40&md5=2671a9e561beca8b7fa43c2219f4ad1d;Article;Final;;Scopus;2-s2.0-84885959773
Jonsson, P., Rudberg, M., Holmberg, S.;Centralised supply chain planning at IKEA;2013;Supply Chain Management;18;3;;337;350;;28;10.1108/SCM-05-2012-0158;https://www.scopus.com/inward/record.uri?eid=2-s2.0-84878844414&doi=10.1108%2fSCM-05-2012-0158&partnerID=40&md5=750a70022d802cd1b0e2b9c2d65b94ec;Article;Final;All Open Access, Green;Scopus;2-s2.0-84878844414
Adams, P., Fontana, R., Malerba, F.;The magnitude of innovation by demand in a sectoral system: The role of industrial users in semiconductors;2013;Research Policy;42;1;;1;14;;33;10.1016/j.respol.2012.05.011;https://www.scopus.com/inward/record.uri?eid=2-s2.0-84870311067&doi=10.1016%2fj.respol.2012.05.011&partnerID=40&md5=881ba6ec132a3e045ba0317e59204424;Article;Final;;Scopus;2-s2.0-84870311067
Chang, Y.-F., Shih, S.-G.;BIM-based computer-aided architectural design;2013;Computer-Aided Design and Applications;10;1;;97;109;;16;10.3722/cadaps.2013.97-109;https://www.scopus.com/inward/record.uri?eid=2-s2.0-84869458336&doi=10.3722%2fcadaps.2013.97-109&partnerID=40&md5=8df6673231e461e346936fa832ea903e;Article;Final;All Open Access, Bronze;Scopus;2-s2.0-84869458336
Salah, K.;Analysis of coupling capacitance between TSVs and metal interconnects in 3D-ICs;2012;2012 19th IEEE International Conference on Electronics, Circuits, and Systems, ICECS 2012;;;6463647;745;748;;3;10.1109/ICECS.2012.6463647;https://www.scopus.com/inward/record.uri?eid=2-s2.0-84874600317&doi=10.1109%2fICECS.2012.6463647&partnerID=40&md5=94b929172c528a7fa4e2ec2451378fb6;Conference Paper;Final;;Scopus;2-s2.0-84874600317
Cainelli, G., Iacobucci, D.;Agglomeration, Related Variety, and Vertical Integration;2012;Economic Geography;88;3;;255;277;;67;10.1111/j.1944-8287.2012.01156.x;https://www.scopus.com/inward/record.uri?eid=2-s2.0-84861192863&doi=10.1111%2fj.1944-8287.2012.01156.x&partnerID=40&md5=7a331486de7e37afa12e825f29402d77;Article;Final;All Open Access, Green;Scopus;2-s2.0-84861192863
Cheng, K., Lee, Z.-H., Shomali, H.;Airline firm boundary and ticket distribution in electronic markets;2012;International Journal of Production Economics;137;1;;137;144;;7;10.1016/j.ijpe.2012.01.024;https://www.scopus.com/inward/record.uri?eid=2-s2.0-84858077661&doi=10.1016%2fj.ijpe.2012.01.024&partnerID=40&md5=58605d60e26a8aa1ba5083de770a1e9f;Article;Final;;Scopus;2-s2.0-84858077661
Geradin, D., Layne-farrar, A., Padilla, A.J.;Elves or trolls? The role of nonpracticing patent owners in the innovation economy;2012;Industrial and Corporate Change;21;1;dtr031;73;94;;17;10.1093/icc/dtr031;https://www.scopus.com/inward/record.uri?eid=2-s2.0-84856403091&doi=10.1093%2ficc%2fdtr031&partnerID=40&md5=3b665ab72fdb70e8be8a20a45173a605;Article;Final;All Open Access, Green;Scopus;2-s2.0-84856403091
Carlini, E., Coppola, M., Dazzi, P., Ricci, L., Righetti, G.;Cloud federations in contrail;2012;Lecture Notes in Computer Science (including subseries Lecture Notes in Artificial Intelligence and Lecture Notes in Bioinformatics);7155 LNCS;PART 1;;159;168;;84;10.1007/978-3-642-29737-3_19;https://www.scopus.com/inward/record.uri?eid=2-s2.0-84880057181&doi=10.1007%2f978-3-642-29737-3_19&partnerID=40&md5=43044ae23f31d66ae8abe4d68a4c11fd;Conference Paper;Final;All Open Access, Bronze;Scopus;2-s2.0-84880057181
Matsushima, N., Mizuno, T.;Equilibrium vertical integration with complementary input markets;2012;B.E. Journal of Economic Analysis and Policy;12;1;26;;;;6;10.1515/1935-1682.3118;https://www.scopus.com/inward/record.uri?eid=2-s2.0-84875228808&doi=10.1515%2f1935-1682.3118&partnerID=40&md5=5da91f02f2ff9e54896906f4598790ca;Article;Final;;Scopus;2-s2.0-84875228808
Lehtinen, T.;Boundaries matter - The pros and cons of vertical integration in BIM implementation;2012;IFIP Advances in Information and Communication Technology;384 AICT;;;578;585;;2;10.1007/978-3-642-33980-6_62;https://www.scopus.com/inward/record.uri?eid=2-s2.0-84870658107&doi=10.1007%2f978-3-642-33980-6_62&partnerID=40&md5=512c8711c5f5b11b586b88b7c0f889be;Conference Paper;Final;All Open Access, Bronze, Green;Scopus;2-s2.0-84870658107
Keeratiurai, P.;Developing model of self-reliant lifestyle with the philosophy of sufficiency economy;2012;European Journal of Scientific Research;84;4;;500;506;;1;;https://www.scopus.com/inward/record.uri?eid=2-s2.0-84865770765&partnerID=40&md5=f611942b55960123450a896d44ed4687;Article;Final;;Scopus;2-s2.0-84865770765
Huang, M., Xu, M., Shi, J.;Internationalisation, vertical integration and performance: A case study of BOE;2012;International Journal of Networking and Virtual Organisations;10;3-4;;346;360;;;10.1504/IJNVO.2012.046456;https://www.scopus.com/inward/record.uri?eid=2-s2.0-84859737038&doi=10.1504%2fIJNVO.2012.046456&partnerID=40&md5=1804704ea2a45124a2e841cbff9c2964;Article;Final;;Scopus;2-s2.0-84859737038
Bae, Y.;Global value chains, industry structure, and technology upgrading of local firms: The personal computer industry in Korea and Taiwan during the 1980s;2011;Asian Journal of Technology Innovation;19;2;;249;262;;4;10.1080/19761597.2011.630597;https://www.scopus.com/inward/record.uri?eid=2-s2.0-84860912607&doi=10.1080%2f19761597.2011.630597&partnerID=40&md5=b0d08d0c8d04eb5e8b918498a2a9429a;Article;Final;;Scopus;2-s2.0-84860912607
Hong, A., Lee, D., Hwang, J.;Metafrontier Production Function Analysis of Horizontal and Vertical Integration in Korea's Cable TV Industry;2011;Journal of Media Economics;24;4;;221;236;;16;10.1080/08997764.2011.626982;https://www.scopus.com/inward/record.uri?eid=2-s2.0-84863369681&doi=10.1080%2f08997764.2011.626982&partnerID=40&md5=a63cf2b8c02565d864b361fd4eaa1737;Article;Final;;Scopus;2-s2.0-84863369681
Sauter, T., Lobashov, M.;How to access factory floor information using internet technologies and gateways;2011;IEEE Transactions on Industrial Informatics;7;4;6009198;699;712;;75;10.1109/TII.2011.2166788;https://www.scopus.com/inward/record.uri?eid=2-s2.0-81255138942&doi=10.1109%2fTII.2011.2166788&partnerID=40&md5=f7c53e640485f67db34711171c468e14;Article;Final;;Scopus;2-s2.0-81255138942
Oruc, S., Cunningham, S.W.;Strategic management of transmission access to the electricity grid;2011;PICMET: Portland International Center for Management of Engineering and Technology, Proceedings;;;6017895;;;;1;;https://www.scopus.com/inward/record.uri?eid=2-s2.0-80053358395&partnerID=40&md5=16ed345d02c0d89cf2cdaa26af042a4b;Conference Paper;Final;;Scopus;2-s2.0-80053358395
Sharma, S., Patil, S.V.;Development of holistic framework incorporating collaboration, supply-demand synchronization, traceability and vertical integration in agri-food supply Chain;2011;International Journal of Information Systems and Supply Chain Management;4;4;;18;45;;11;10.4018/jisscm.2011100102;https://www.scopus.com/inward/record.uri?eid=2-s2.0-84864147271&doi=10.4018%2fjisscm.2011100102&partnerID=40&md5=ac25e9ad5ee9b0de6e243e1c6e035ad9;Article;Final;;Scopus;2-s2.0-84864147271
Ke, Y., Wu, L.-P.;The evolution and new development of global industrial organization form;2011;BMEI 2011 - Proceedings 2011 International Conference on Business Management and Electronic Information;3;;5920417;152;156;;;10.1109/ICBMEI.2011.5920417;https://www.scopus.com/inward/record.uri?eid=2-s2.0-80052183655&doi=10.1109%2fICBMEI.2011.5920417&partnerID=40&md5=4f6259231179339bdacfa45f71b71435;Conference Paper;Final;;Scopus;2-s2.0-80052183655
Yu, Z.-T., Yi, L.-L., Yan, Q., Shu, H.-Y., Chen, L.;Simulation analysis of the evolution of mobile internet industry chain;2011;BMEI 2011 - Proceedings 2011 International Conference on Business Management and Electronic Information;3;;5920510;533;536;;1;10.1109/ICBMEI.2011.5920510;https://www.scopus.com/inward/record.uri?eid=2-s2.0-80052149024&doi=10.1109%2fICBMEI.2011.5920510&partnerID=40&md5=9e44afd0d81e7d2617022206beebcccb;Conference Paper;Final;;Scopus;2-s2.0-80052149024
Hao, C., Li, K.;A study on countervailing power from the perspective of outside option;2011;BMEI 2011 - Proceedings 2011 International Conference on Business Management and Electronic Information;4;;5920991;379;382;;;10.1109/ICBMEI.2011.5920991;https://www.scopus.com/inward/record.uri?eid=2-s2.0-80052138940&doi=10.1109%2fICBMEI.2011.5920991&partnerID=40&md5=98c784212eba617dda6d184f27e40a05;Conference Paper;Final;;Scopus;2-s2.0-80052138940
Malik, T.;Vertical alliance and vertical integration for the inflow of technology and new product development in the pharmaceutical industry;2011;Technology Analysis and Strategic Management;23;8;;851;864;;7;10.1080/09537325.2011.604154;https://www.scopus.com/inward/record.uri?eid=2-s2.0-80052181186&doi=10.1080%2f09537325.2011.604154&partnerID=40&md5=75117ead234d06120cc5a6c6d6ade86e;Article;Final;;Scopus;2-s2.0-80052181186
Sloan, T., Lewis, D.;Vertical Integration: Results From a Cross-Course Student Collaboration;2011;Journal of Education for Business;86;6;;339;345;;1;10.1080/08832323.2010.536273;https://www.scopus.com/inward/record.uri?eid=2-s2.0-85039613529&doi=10.1080%2f08832323.2010.536273&partnerID=40&md5=7b7cfdd09f9fb3498d3b94475c1660eb;Article;Final;;Scopus;2-s2.0-85039613529
Osaki, T.;Global marketing strategies for japanese consumer electronics manufacturers;2011;ICIC Express Letters;5;8 B;;2731;2734;;;;https://www.scopus.com/inward/record.uri?eid=2-s2.0-79960889281&partnerID=40&md5=9d50261d01c9acfb1c33c2ebfd464c1a;Article;Final;;Scopus;2-s2.0-79960889281
Lin, W.T., Chiang, C.-Y.;The impacts of country characteristics upon the value of information technology as measured by productive efficiency;2011;International Journal of Production Economics;132;1;;13;33;;38;10.1016/j.ijpe.2011.02.013;https://www.scopus.com/inward/record.uri?eid=2-s2.0-79955481519&doi=10.1016%2fj.ijpe.2011.02.013&partnerID=40&md5=e53772978942afabd7a3ac74c7df7fa8;Article;Final;;Scopus;2-s2.0-79955481519
Tait, N.;Prospects for the textile and clothing industry in Guatemala;2011;Textile Outlook International;;150;;103;122;;1;;https://www.scopus.com/inward/record.uri?eid=2-s2.0-80054857259&partnerID=40&md5=47d7d50546383f4d66a219bdb50260cb;Article;Final;;Scopus;2-s2.0-80054857259
James, H.S., Klein, P.G., Sykuta, M.E.;The adoption, diffusion, and evolution of organizational form: Insights from the agrifood sector;2011;Managerial and Decision Economics;32;4;;243;259;;11;10.1002/mde.1531;https://www.scopus.com/inward/record.uri?eid=2-s2.0-79955757527&doi=10.1002%2fmde.1531&partnerID=40&md5=55d039f5edba287e45a0e35928e06007;Article;Final;;Scopus;2-s2.0-79955757527
Forman, C., Gron, A.;Vertical integration and information technology investment in the insurance industry;2011;Journal of Law, Economics, and Organization;27;1;;180;218;;13;10.1093/jleo/ewp023;https://www.scopus.com/inward/record.uri?eid=2-s2.0-79952124922&doi=10.1093%2fjleo%2fewp023&partnerID=40&md5=678c8a664afac9fd7b2f712616972e04;Article;Final;;Scopus;2-s2.0-79952124922
Li, H.-L., Tang, M.-J.;Vertical integration, escalating commitment and technological performance: Evidence from firms in the US computer industry;2011;Technology Analysis and Strategic Management;23;3;;279;296;;;10.1080/09537325.2011.550395;https://www.scopus.com/inward/record.uri?eid=2-s2.0-79951837240&doi=10.1080%2f09537325.2011.550395&partnerID=40&md5=29350babe13f72a9b898592f4c750f20;Article;Final;;Scopus;2-s2.0-79951837240
Ciravegna, L., Maielli, G.;Outsourcing of new product development and the opening of innovation in mature industries: A longitudinal study of fiat during crisis and recovery;2011;International Journal of Innovation Management;15;1;;69;93;;27;10.1142/S1363919611003088;https://www.scopus.com/inward/record.uri?eid=2-s2.0-79952058778&doi=10.1142%2fS1363919611003088&partnerID=40&md5=92d7c47ddca50a53b8b6c46050fea67b;Article;Final;;Scopus;2-s2.0-79952058778
Liu, X., Zhang, Y., Yeap, G., Zeng, X.;An integrated algorithm for 3D-IC TSV assignment;2011;Proceedings - Design Automation Conference;;;5981986;652;657;;11;10.1145/2024724.2024873;https://www.scopus.com/inward/record.uri?eid=2-s2.0-80052685577&doi=10.1145%2f2024724.2024873&partnerID=40&md5=ea70e84a176891ae74f545d5c138e444;Conference Paper;Final;;Scopus;2-s2.0-80052685577
Dewan, S., Ren, F.;Information technology and firm boundaries: Impact on firm risk and return performance;2011;Information Systems Research;22;2;;369;388;;95;10.1287/isre.1090.0261;https://www.scopus.com/inward/record.uri?eid=2-s2.0-79960735144&doi=10.1287%2fisre.1090.0261&partnerID=40&md5=4eb036c2714f0af834ba45f814e03cb6;Article;Final;;Scopus;2-s2.0-79960735144
Katsumata, J., Toma, T., Ogi, T.;"Possibility of the introduction of telemedicine in rural villages in Vietnam &lt;From the introduction of medical information system to the vertical integration-type medicine management&gt;";2010;PACIS 2010 - 14th Pacific Asia Conference on Information Systems;;;;1806;1813;;;;https://www.scopus.com/inward/record.uri?eid=2-s2.0-84856008073&partnerID=40&md5=74f4f289b2530a3cb8d38e7e883350f9;Conference Paper;Final;;Scopus;2-s2.0-84856008073
Yao, L.J., Liu, C., Chan, S.H.;The influence of firm specific context on realizing information technology business value in manufacturing industry;2010;International Journal of Accounting Information Systems;11;4;;353;362;;32;10.1016/j.accinf.2010.09.007;https://www.scopus.com/inward/record.uri?eid=2-s2.0-78649481766&doi=10.1016%2fj.accinf.2010.09.007&partnerID=40&md5=92c44b60ff98b57c8c10297f4885a7ed;Article;Final;;Scopus;2-s2.0-78649481766
Fearon, C., Ballantine, J., Philip, G.;Understanding the role of electronic trading and inter-organisational cooperation and coordination: A conceptual matrix framework;2010;Internet Research;20;5;;545;562;;10;10.1108/10662241011084095;https://www.scopus.com/inward/record.uri?eid=2-s2.0-78049457061&doi=10.1108%2f10662241011084095&partnerID=40&md5=562545012d0317fc0e44307f1ecbcbb1;Article;Final;;Scopus;2-s2.0-78049457061
Ciliberto, F.;Were British cotton entrepreneurs technologically backward? Firm-level evidence on the adoption of ring spinning;2010;Explorations in Economic History;47;4;;487;504;;9;10.1016/j.eeh.2009.11.002;https://www.scopus.com/inward/record.uri?eid=2-s2.0-77958486572&doi=10.1016%2fj.eeh.2009.11.002&partnerID=40&md5=b667c300a35eb1a2b206ab68f4bb91f4;Article;Final;All Open Access, Green;Scopus;2-s2.0-77958486572
Acemoglu, D., Aghion, P., Griffith, R., Zilibotti, F.;Vertical integration and technology: Theory and evidence;2010;Journal of the European Economic Association;8;5;;989;1033;;88;10.1162/jeea_a_00013;https://www.scopus.com/inward/record.uri?eid=2-s2.0-77954897626&doi=10.1162%2fjeea_a_00013&partnerID=40&md5=0d58b27e71e0cc763234734c4784fa33;Article;Final;All Open Access, Green;Scopus;2-s2.0-77954897626
Adner, R., Kapoor, R.;Value creation in innovation ecosystems: How the structure of technological interdependence affects firm performance in new technology generations;2010;Strategic Management Journal;31;3;;306;333;;1294;10.1002/smj.821;https://www.scopus.com/inward/record.uri?eid=2-s2.0-77449110302&doi=10.1002%2fsmj.821&partnerID=40&md5=6320e9c590acf8b8f981d54f6341e37a;Article;Final;All Open Access, Bronze, Green;Scopus;2-s2.0-77449110302
Krafft, J.;Profiting in the info-coms industry in the age of broadband: Lessons and new considerations;2010;Technological Forecasting and Social Change;77;2;;265;278;;13;10.1016/j.techfore.2009.07.002;https://www.scopus.com/inward/record.uri?eid=2-s2.0-73749085127&doi=10.1016%2fj.techfore.2009.07.002&partnerID=40&md5=038caa6cfa5589e41e926345fea652dd;Article;Final;;Scopus;2-s2.0-73749085127
Naghavi, A., Ottaviano, G.I.P.;Outsourcing, complementary innovations,and growth;2010;Industrial and Corporate Change;19;4;dtp051;1009;1035;;18;10.1093/icc/dtp051;https://www.scopus.com/inward/record.uri?eid=2-s2.0-77955294158&doi=10.1093%2ficc%2fdtp051&partnerID=40&md5=5062bfac1d09143db4e699841c46d133;Article;Final;;Scopus;2-s2.0-77955294158
Majumdar, R., Bala Subrahmanya, M.H.;Firm specific management decisions on Total Factor Productivity Growth in Indian electronics industry during liberalisation;2010;International Journal of Economic Policy in Emerging Economies;3;3;;272;294;;2;10.1504/IJEPEE.2010.035182;https://www.scopus.com/inward/record.uri?eid=2-s2.0-84949686239&doi=10.1504%2fIJEPEE.2010.035182&partnerID=40&md5=37bd6a643503e5217b5051310be97c2a;Article;Final;;Scopus;2-s2.0-84949686239
Shimizu, H.;Different evolutionary paths: Technological development of laser diodes in the US and Japan, 1960-2000;2010;Business History;52;7;;1151;1181;;4;10.1080/00076791.2010.523461;https://www.scopus.com/inward/record.uri?eid=2-s2.0-78650333808&doi=10.1080%2f00076791.2010.523461&partnerID=40&md5=ad65cff8c00a8662e01d4f051191c5fd;Article;Final;;Scopus;2-s2.0-78650333808
Smith, A.D.;The subprime mortgage crisis and the possible effects on supplier integration strategies;2010;International Journal of Services and Operations Management;6;1;;38;56;;2;10.1504/IJSOM.2010.029489;https://www.scopus.com/inward/record.uri?eid=2-s2.0-77957671882&doi=10.1504%2fIJSOM.2010.029489&partnerID=40&md5=6a7e723c57031dfe4df1209c6a80ffa0;Article;Final;;Scopus;2-s2.0-77957671882
Jankowska, B.;Semantic data integration in the domain of medicine;2009;Studies in Computational Intelligence;244;;;119;131;;1;10.1007/978-3-642-03958-4_11;https://www.scopus.com/inward/record.uri?eid=2-s2.0-78049275825&doi=10.1007%2f978-3-642-03958-4_11&partnerID=40&md5=23cb6ede7d94529f4d2e00591da6db4a;Conference Paper;Final;;Scopus;2-s2.0-78049275825
Hosain, S., Jamil, H.;An algebraic language for semantic data integration on the HiddenWeb;2009;ICSC 2009 - 2009 IEEE International Conference on Semantic Computing;;;5298624;237;244;;10;10.1109/ICSC.2009.94;https://www.scopus.com/inward/record.uri?eid=2-s2.0-73449084067&doi=10.1109%2fICSC.2009.94&partnerID=40&md5=3d4dcf42dad94fab17e063c1ac7858f1;Conference Paper;Final;;Scopus;2-s2.0-73449084067
Cainelli, G., Iacobucci, D.;Do agglomeration and technology affect vertical integration? Evidence from Italian business groups;2009;International Journal of the Economics of Business;16;3;;305;322;;15;10.1080/13571510903227049;https://www.scopus.com/inward/record.uri?eid=2-s2.0-77955847133&doi=10.1080%2f13571510903227049&partnerID=40&md5=4293547a603c0d44660597f509a19335;Article;Final;All Open Access, Green;Scopus;2-s2.0-77955847133
Piacenza, M., Vannoni, D.;Vertical and horizontal economies in the electric utility industry: An integrated approach;2009;Annals of Public and Cooperative Economics;80;3;;431;450;;9;10.1111/j.1467-8292.2009.00392.x;https://www.scopus.com/inward/record.uri?eid=2-s2.0-77950600919&doi=10.1111%2fj.1467-8292.2009.00392.x&partnerID=40&md5=c596c99a4bc815c4cfbb94c6e55feb57;Article;Final;;Scopus;2-s2.0-77950600919
Funk, J.L.;The co-evolution of technology and methods of standard setting: The case of the mobile phone industry;2009;Journal of Evolutionary Economics;19;1;;73;93;;27;10.1007/s00191-008-0108-6;https://www.scopus.com/inward/record.uri?eid=2-s2.0-58549087925&doi=10.1007%2fs00191-008-0108-6&partnerID=40&md5=7060646e22b272cdadacd91c6d926168;Article;Final;;Scopus;2-s2.0-58549087925
Rosés, J.R.;Subcontracting and vertical integration in the Spanish cotton industry;2009;Economic History Review;62;1;;45;72;;1;10.1111/j.1468-0289.2008.00428.x;https://www.scopus.com/inward/record.uri?eid=2-s2.0-58249090973&doi=10.1111%2fj.1468-0289.2008.00428.x&partnerID=40&md5=5546b2e39f999ecf2d2e66a494a09256;Article;Final;All Open Access, Green;Scopus;2-s2.0-58249090973
Shi, G.;Bundling and licensing of genes in agricultural biotechnology;2009;American Journal of Agricultural Economics;91;1;;264;274;;20;10.1111/j.1467-8276.2008.01174.x;https://www.scopus.com/inward/record.uri?eid=2-s2.0-58149489779&doi=10.1111%2fj.1467-8276.2008.01174.x&partnerID=40&md5=5fd0fade28bbedb7fba16d16448310de;Article;Final;All Open Access, Green;Scopus;2-s2.0-58149489779
Hidayat, Y.A., Takahashi, K., Diawati, L., Cakravastia, A.;Supply chain strategy for high technology-content product and its consequences to technology transfer mechanism;2009;International Journal of Intelligent Systems Technologies and Applications;6;3-4;;296;308;;6;10.1504/IJISTA.2009.024259;https://www.scopus.com/inward/record.uri?eid=2-s2.0-84856547089&doi=10.1504%2fIJISTA.2009.024259&partnerID=40&md5=17c7e360aaeebf1647413c822cad6424;Article;Final;;Scopus;2-s2.0-84856547089
Zhuo, Y., Alvarez, C., Feldmann, K.;Horizontal and vertical integration of product data for the design of moulded interconnect devices;2009;International Journal of Computer Integrated Manufacturing;22;11;;1024;1036;;9;10.1080/09511920902741091;https://www.scopus.com/inward/record.uri?eid=2-s2.0-77956090656&doi=10.1080%2f09511920902741091&partnerID=40&md5=eebaeec145f8dbf9f9236f83214f6cf7;Article;Final;All Open Access, Green;Scopus;2-s2.0-77956090656
Ray, G., Wu, D., Konana, P.;Competitive environment and the relationship between IT and vertical integration;2009;Information Systems Research;20;4;;585;603;;57;10.1287/isre.1080.0202;https://www.scopus.com/inward/record.uri?eid=2-s2.0-77953704847&doi=10.1287%2fisre.1080.0202&partnerID=40&md5=eb9e82be94c5f67f7e4b0560da626ad6;Article;Final;;Scopus;2-s2.0-77953704847
Mata, M.E.;Managerial strategies in canning industries: A case study of early twentieth century Portugal;2009;Business History;51;1;;45;58;;6;10.1080/00076790802602180;https://www.scopus.com/inward/record.uri?eid=2-s2.0-67650306417&doi=10.1080%2f00076790802602180&partnerID=40&md5=82cd96b98504694b9ed685659b2764ab;Article;Final;All Open Access, Green;Scopus;2-s2.0-67650306417
Carson, F.P., Kim, Y.C., Yoon, I.S.;3-D stacked package technology and trends;2009;Proceedings of the IEEE;97;1;4796285;31;42;;36;10.1109/JPROC.2008.2007460;https://www.scopus.com/inward/record.uri?eid=2-s2.0-61549125628&doi=10.1109%2fJPROC.2008.2007460&partnerID=40&md5=9fa4c850969aece1f9915b8df92c9a4a;Article;Final;;Scopus;2-s2.0-61549125628
Growitsch, C., Wetzel, H.;Testing for economies of scope in European railways;2009;Journal of Transport Economics and Policy;43;1;;1;24;;72;;https://www.scopus.com/inward/record.uri?eid=2-s2.0-60149099025&partnerID=40&md5=50c44e2569ee4075313edefff0cdd208;Article;Final;;Scopus;2-s2.0-60149099025
Wang, C.-C., Chen, C.-D., Chen, Y.-F., Farn, C.-K.;Why focal firms share information? A study of the effects of power and information technology competence;2008;PACIS 2008 - 12th Pacific Asia Conference on Information Systems: Leveraging ICT for Resilient Organizations and Sustainable Growth in the Asia Pacific Region;;;;;;;3;;https://www.scopus.com/inward/record.uri?eid=2-s2.0-84862914452&partnerID=40&md5=6357837f65712ed50bcfd02ae13edda3;Conference Paper;Final;;Scopus;2-s2.0-84862914452
Novak, S., Stern, S.;How does outsourcing affect performance dynamics? Evidence from the automobile industry;2008;Management Science;54;12;;1963;1979;;86;10.1287/mnsc.1080.0922;https://www.scopus.com/inward/record.uri?eid=2-s2.0-61849169625&doi=10.1287%2fmnsc.1080.0922&partnerID=40&md5=091c7d9eebe0a26728243d5ad9d1134c;Article;Final;All Open Access, Green;Scopus;2-s2.0-61849169625
Qian, Y.;Impacts of entry by counterfeiters;2008;Quarterly Journal of Economics;123;4;;1577;1609;;63;10.1162/qjec.2008.123.4.1577;https://www.scopus.com/inward/record.uri?eid=2-s2.0-55649125380&doi=10.1162%2fqjec.2008.123.4.1577&partnerID=40&md5=4577168b4e4c55284317190410eeaa53;Article;Final;;Scopus;2-s2.0-55649125380
Susman, G.I.;Evolution of the solar energy industry: Strategic groups and industry structure;2008;PICMET: Portland International Center for Management of Engineering and Technology, Proceedings;;;4599876;2489;2498;;3;10.1109/PICMET.2008.4599876;https://www.scopus.com/inward/record.uri?eid=2-s2.0-52449119427&doi=10.1109%2fPICMET.2008.4599876&partnerID=40&md5=b490e58f96c00a79985df57cbe6dcb10;Conference Paper;Final;;Scopus;2-s2.0-52449119427
Nakata, Y.;Global strategy for the solar cell industry using integral core knowledge management: Comparative research with liquid crystal displays and the semiconductor industry;2008;PICMET: Portland International Center for Management of Engineering and Technology, Proceedings;;;4599616;119;125;;;10.1109/PICMET.2008.4599616;https://www.scopus.com/inward/record.uri?eid=2-s2.0-52449093103&doi=10.1109%2fPICMET.2008.4599616&partnerID=40&md5=b3fe6b7c66a17f045514f671d0b27fad;Conference Paper;Final;;Scopus;2-s2.0-52449093103
Nakata, Y.;Global competition by metanational management in liquid crystal display industry;2007;Portland International Conference on Management of Engineering and Technology;;;4349631;2880;2887;;1;10.1109/PICMET.2007.4349631;https://www.scopus.com/inward/record.uri?eid=2-s2.0-47849109269&doi=10.1109%2fPICMET.2007.4349631&partnerID=40&md5=341878c4b624e914b38cc1974f8699a1;Conference Paper;Final;;Scopus;2-s2.0-47849109269
Itkis, D., Arbak, J., Robar, H., Kennedy, E.;Managing risks and maintaining a competitive edge in today's outsourcing environment;2007;Portland International Conference on Management of Engineering and Technology;;;4349465;1437;1450;;1;10.1109/PICMET.2007.4349465;https://www.scopus.com/inward/record.uri?eid=2-s2.0-47849098014&doi=10.1109%2fPICMET.2007.4349465&partnerID=40&md5=069f454af52026e9333b7bda1aef20e1;Conference Paper;Final;;Scopus;2-s2.0-47849098014
Collins, L.;Into the third dimension;2007;IET Electronics Systems and Software;5;6;;10;11;;;10.1049/ess:20070602;https://www.scopus.com/inward/record.uri?eid=2-s2.0-44349153423&doi=10.1049%2fess%3a20070602&partnerID=40&md5=39c9ef7af6afbbfd521189dab537ae92;Article;Final;;Scopus;2-s2.0-44349153423
Bonroy, O., Larue, B.;Forward vertical integration: The fixed-proportion case revisited;2007;Economics Bulletin;12;24;;;;;1;;https://www.scopus.com/inward/record.uri?eid=2-s2.0-40349094985&partnerID=40&md5=6a54a198b24881890acb9182a881ab7f;Article;Final;;Scopus;2-s2.0-40349094985
Wang, K.-J., Lee, S.-J., Yeh, C.-F., Huang, T.-C.;Operating an effective resource allocation for wire bonders in the semiconductor assembly industry;2007;Production Planning and Control;18;3;;226;238;;4;10.1080/09537280601104715;https://www.scopus.com/inward/record.uri?eid=2-s2.0-33947625013&doi=10.1080%2f09537280601104715&partnerID=40&md5=d292671803685ddb4488af55182ffac0;Article;Final;;Scopus;2-s2.0-33947625013
Chitra, S., Krishnan, P.;Evolving operational decision models in the pharmaceutical industry;2007;International Journal of Operations and Quantitative Management;13;1;;1;13;;1;;https://www.scopus.com/inward/record.uri?eid=2-s2.0-84871559294&partnerID=40&md5=3f680136798d1242726f54c7938e3f36;Article;Final;;Scopus;2-s2.0-84871559294
Jaspers, F., Hulsink, W., Theeuwes, J.;Entry and innovation in maturing markets: Virtual operators in mobile telecommunications;2007;Technology Analysis and Strategic Management;19;2;;205;225;;15;10.1080/09537320601168144;https://www.scopus.com/inward/record.uri?eid=2-s2.0-33947245031&doi=10.1080%2f09537320601168144&partnerID=40&md5=a4ecf52e4953a65695837dffede2b94e;Article;Final;;Scopus;2-s2.0-33947245031
Casarin, A.A.;Efficient industry configurations in downstream gas markets. An empirical assessment;2007;Energy Economics;29;2;;312;328;;7;10.1016/j.eneco.2005.11.002;https://www.scopus.com/inward/record.uri?eid=2-s2.0-33846813486&doi=10.1016%2fj.eneco.2005.11.002&partnerID=40&md5=e3f04dfad363b59b04dfd9ab527d4b3c;Article;Final;;Scopus;2-s2.0-33846813486
Vaaland, T.I., Heide, M.;Can the SME survive the supply chain challenges?;2007;Supply Chain Management;12;1;;20;31;;109;10.1108/13598540710724374;https://www.scopus.com/inward/record.uri?eid=2-s2.0-33846434145&doi=10.1108%2f13598540710724374&partnerID=40&md5=8130b57abefe127dca55dccb757d39f0;Article;Final;;Scopus;2-s2.0-33846434145
Ray, G., Xue, L., Gu, B., Konana, P.C.;Asset characteristics and the impact of it on firm scope and performance;2006;ICIS 2006 Proceedings - Twenty Seventh International Conference on Information Systems;;;;393;406;;2;;https://www.scopus.com/inward/record.uri?eid=2-s2.0-84870227246&partnerID=40&md5=1207d19c84b1c65558c66597847fc62d;Conference Paper;Final;;Scopus;2-s2.0-84870227246
Berglund, C.N., Weber, C.M., Gabella, P.;An analysis of the economics of photomasks in semciconductor manufacturing;2006;Portland International Conference on Management of Engineering and Technology;5;;4077644;2353;2371;;;10.1109/PICMET.2006.296823;https://www.scopus.com/inward/record.uri?eid=2-s2.0-50649115740&doi=10.1109%2fPICMET.2006.296823&partnerID=40&md5=ce12004029106065366fa45d4523d218;Conference Paper;Final;;Scopus;2-s2.0-50649115740
Loi, G.L., Agrawal, B., Srivastava, N., Lin, S.-C., Sherwood, T., Banerjee, K.;A thermally-aware performance analysis of vertically integrated (3-D) processor-memory hierarchy;2006;Proceedings - Design Automation Conference;;;;991;996;;166;10.1145/1146909.1147160;https://www.scopus.com/inward/record.uri?eid=2-s2.0-34547204691&doi=10.1145%2f1146909.1147160&partnerID=40&md5=4815173121dd3be09e24dade8f6bb229;Conference Paper;Final;All Open Access, Green;Scopus;2-s2.0-34547204691
Trimble, S.;US task force to study defence industry concerns;2006;Jane's Defence Weekly;;AUG.;;;;;;;https://www.scopus.com/inward/record.uri?eid=2-s2.0-84859281817&partnerID=40&md5=77e4afbcc8dfcb8e4fe3bb57137ffc23;Article;Final;;Scopus;2-s2.0-84859281817
Fréry, F.;The fundamental dimensions of strategy;2006;MIT Sloan Management Review;48;1;;71;75;;35;;https://www.scopus.com/inward/record.uri?eid=2-s2.0-33750298920&partnerID=40&md5=07f4c87414d969539f281869c0f005dd;Article;Final;;Scopus;2-s2.0-33750298920
Kalogeras, A.P., Gialelis, J.V., Alexakos, C.E., Georgoudakis, M.J., Koubias, S.A.;Vertical integration of enterprise industrial systems utilizing web services;2006;IEEE Transactions on Industrial Informatics;2;2;;120;128;;83;10.1109/TII.2006.875507;https://www.scopus.com/inward/record.uri?eid=2-s2.0-33646723326&doi=10.1109%2fTII.2006.875507&partnerID=40&md5=c54147d84582c55651ef043947ae14e6;Article;Final;;Scopus;2-s2.0-33646723326
Kim, S.M., Mahoney, J.T.;Mutual commitment to support exchange: Relation-specific IT system as a substitute for managerial hierarchy;2006;Strategic Management Journal;27;5;;401;423;;101;10.1002/smj.527;https://www.scopus.com/inward/record.uri?eid=2-s2.0-33646256155&doi=10.1002%2fsmj.527&partnerID=40&md5=8b4cb377b1dbd321b7738e8a4554c79c;Article;Final;;Scopus;2-s2.0-33646256155
Davenport, J.;UK film companies: Project-based organizations lacking entrepreneurship and innovativeness?;2006;Creativity and Innovation Management;15;3;;250;257;;33;10.1111/j.1467-8691.2006.00394.x;https://www.scopus.com/inward/record.uri?eid=2-s2.0-50849138103&doi=10.1111%2fj.1467-8691.2006.00394.x&partnerID=40&md5=25a549d76694fcabafe42146bfd65965;Article;Final;;Scopus;2-s2.0-50849138103
Lorincz, S.;Cost structure and complementarity in U.S. Telecommunications, 1989-1999;2006;Information Economics and Policy;18;3;;285;302;;1;10.1016/j.infoecopol.2006.03.001;https://www.scopus.com/inward/record.uri?eid=2-s2.0-38949128740&doi=10.1016%2fj.infoecopol.2006.03.001&partnerID=40&md5=aebcca802fa1a32c474a3b09c0aaa1da;Article;Final;;Scopus;2-s2.0-38949128740
Mejtoft, T.;Strategies for successful digital printing;2006;Journal of Media Business Studies;3;1;;53;74;;4;10.1080/16522354.2006.11073469;https://www.scopus.com/inward/record.uri?eid=2-s2.0-33847422416&doi=10.1080%2f16522354.2006.11073469&partnerID=40&md5=32caf321f44f55301357f0651b77f100;Article;Final;;Scopus;2-s2.0-33847422416
Weber, C.M., Berglund, C.N.;A strategic assessment of the photomask manufacturing industry;2005;Portland International Conference on Management of Engineering and Technology;2005;;1509668;18;34;;1;10.1109/PICMET.2005.1509668;https://www.scopus.com/inward/record.uri?eid=2-s2.0-33748852521&doi=10.1109%2fPICMET.2005.1509668&partnerID=40&md5=5eeeeae1e0f9fcc1740089a388685e77;Conference Paper;Final;;Scopus;2-s2.0-33748852521
Hobday, M., Davies, A., Prencipe, A.;Systems integration: A core capability of the modern corporation;2005;Industrial and Corporate Change;14;6;;1109;1143;;298;10.1093/icc/dth080;https://www.scopus.com/inward/record.uri?eid=2-s2.0-31144468660&doi=10.1093%2ficc%2fdth080&partnerID=40&md5=9282cce40ba2175892b6738d6b5e53a4;Article;Final;;Scopus;2-s2.0-31144468660
Perrons, R.K., Platts, K.;Outsourcing strategies for radical innovations: Does industry clockspeed make a difference?;2005;Journal of Manufacturing Technology Management;16;8;;842;863;;22;10.1108/17410380510627852;https://www.scopus.com/inward/record.uri?eid=2-s2.0-27744482640&doi=10.1108%2f17410380510627852&partnerID=40&md5=a6c4d5ad0d5bce529ff56427ecbe63da;Article;Final;;Scopus;2-s2.0-27744482640
Hennessy, D.A., Roosen, J., Jensen, H.H.;Infectious disease, productivity, and scale in open and closed animal production systems;2005;American Journal of Agricultural Economics;87;4;;900;917;;23;10.1111/j.1467-8276.2005.00777.x;https://www.scopus.com/inward/record.uri?eid=2-s2.0-29144434622&doi=10.1111%2fj.1467-8276.2005.00777.x&partnerID=40&md5=4e173f1d900862316baa85e5da662277;Article;Final;All Open Access, Green;Scopus;2-s2.0-29144434622
Ernst, D.;Limits to modularity: Reflections on recent developments in chip design;2005;Industry and Innovation;12;3;;303;335;;101;10.1080/13662710500195918;https://www.scopus.com/inward/record.uri?eid=2-s2.0-26644442937&doi=10.1080%2f13662710500195918&partnerID=40&md5=88273c0124e92c32d575567b5875ebbb;Article;Final;;Scopus;2-s2.0-26644442937
Kim, C., Rassau, A., Lee, M.M.-O.;3D-SoftChip: A novel 3D vertically integrated adaptive computing system;2005;ACM/SIGDA International Symposium on Field Programmable Gate Arrays - FPGA;;;;270;;;1;;https://www.scopus.com/inward/record.uri?eid=2-s2.0-20344403792&partnerID=40&md5=fb3d3f752e0981aa8449799a6a168c2b;Conference Paper;Final;;Scopus;2-s2.0-20344403792
Ababei, C., Mogal, H., Bazargan, K.;3D FPGAs: Placement, routing, and architecture evaluation;2005;ACM/SIGDA International Symposium on Field Programmable Gate Arrays - FPGA;;;;263;;;;;https://www.scopus.com/inward/record.uri?eid=2-s2.0-20344394203&partnerID=40&md5=16108a5c070ee83f52154596d4b9d785;Conference Paper;Final;;Scopus;2-s2.0-20344394203
Luukkonen, T.;Variability in organisational forms of biotechnology firms;2005;Research Policy;34;4;;555;570;;39;10.1016/j.respol.2005.03.004;https://www.scopus.com/inward/record.uri?eid=2-s2.0-18844378430&doi=10.1016%2fj.respol.2005.03.004&partnerID=40&md5=0f00c43957b255cc24ecf148e4e3f15b;Article;Final;;Scopus;2-s2.0-18844378430
Basker, E.;Job creation or destruction? Labor market effects of Wal-Mart expansion;2005;Review of Economics and Statistics;87;1;;174;183;;168;10.1162/0034653053327568;https://www.scopus.com/inward/record.uri?eid=2-s2.0-15944424622&doi=10.1162%2f0034653053327568&partnerID=40&md5=5c32be2367bd74eca0068ed67a6bb6e0;Article;Final;;Scopus;2-s2.0-15944424622
Prasad Mishra, B., Srinivasan, R.;A framework for technology innovation;2005;Journal of Advances in Management Research;2;1;;61;69;;7;10.1108/97279810580000371;https://www.scopus.com/inward/record.uri?eid=2-s2.0-84875348309&doi=10.1108%2f97279810580000371&partnerID=40&md5=9ecb962661538e91cd38577935bbe98d;Article;Final;;Scopus;2-s2.0-84875348309
Gulledge, T.R., Sommer, R.A., Vincent, J.P.;An introduction to basic enterprise resource planning concepts;2005;International Journal of Management and Enterprise Development;2;2;;204;218;;18;10.1504/IJMED.2005.006311;https://www.scopus.com/inward/record.uri?eid=2-s2.0-84863168277&doi=10.1504%2fIJMED.2005.006311&partnerID=40&md5=f7d4347879c4c84b14b50b9e328af7b5;Article;Final;;Scopus;2-s2.0-84863168277
Nakamura, K., Odagiri, H.;"R&amp;D boundaries of the firm: An estimation of the double-hurdle model on commissioned R&amp;D, joint R&amp;D, and licensing in Japan";2005;Economics of Innovation and New Technology;14;7;;583;615;;37;10.1080/1043859052000344697;https://www.scopus.com/inward/record.uri?eid=2-s2.0-36048940436&doi=10.1080%2f1043859052000344697&partnerID=40&md5=28fbe4246c11f7fffa73cf949ec72af4;Article;Final;;Scopus;2-s2.0-36048940436
Horn, P.M.;The changing nature of innovation;2005;Research Technology Management;48;6;;28;31;;27;10.1080/08956308.2005.11657345;https://www.scopus.com/inward/record.uri?eid=2-s2.0-33646420357&doi=10.1080%2f08956308.2005.11657345&partnerID=40&md5=d23ca78aedb51a93c33fd4f236db04c1;Article;Final;;Scopus;2-s2.0-33646420357
Fjeldstad, Ø.D., Jakobsen, E.W.;Transaction organizations and transaction cost analysis: A theoretical investigation of the domain-expansion decisions of firms employing a mediating technology;2005;Scandinavian Journal of Management;21;1 SPEC. ISS.;;77;100;;1;10.1016/j.scaman.2005.02.005;https://www.scopus.com/inward/record.uri?eid=2-s2.0-20644461900&doi=10.1016%2fj.scaman.2005.02.005&partnerID=40&md5=132812338aea57437df257910ce7113e;Article;Final;;Scopus;2-s2.0-20644461900
Cavalieri, S., D'Urso, F., Floridia, C., Rossettini, A.;Definition of a middleware for the Vertical and Horizontal Integration of information in large plants;2004;Proceedings of the IEEE International Conference on Industrial Technology;2;;;745;750;;;;https://www.scopus.com/inward/record.uri?eid=2-s2.0-27944433329&partnerID=40&md5=259ebd28f0883fd007ac892600ca4f24;Conference Paper;Final;;Scopus;2-s2.0-27944433329
Comito, J., Kittinger, T.A., Broadway, F.S., Evans, E.A., Ramsier, R.D.;Vertically integrated multidisciplinary teaming: An instructional framework adapted to a non-engineering course;2004;Proceedings - Frontiers in Education Conference, FIE;2;;;F1E;15-F1E-19;;;;https://www.scopus.com/inward/record.uri?eid=2-s2.0-21644437354&partnerID=40&md5=1de182272646cb0330b4d298104675e0;Conference Paper;Final;;Scopus;2-s2.0-21644437354
Arruñada, B., González-Díaz, M., Fernández, A.;Determinants of organizational form: Transaction costs and institutions in the European trucking industry;2004;Industrial and Corporate Change;13;6;;867;882;;26;10.1093/icc/dth033;https://www.scopus.com/inward/record.uri?eid=2-s2.0-11144261877&doi=10.1093%2ficc%2fdth033&partnerID=40&md5=256c390ff50ebceb138ed07d0a0fe3fc;Article;Final;All Open Access, Green;Scopus;2-s2.0-11144261877
Kamerschen, D.R.;A mnemonic for the major factors influencing the likelihood of collusion;2004;Applied Economics;36;10;;1021;1024;;4;10.1080/0003684042000246722;https://www.scopus.com/inward/record.uri?eid=2-s2.0-2342512119&doi=10.1080%2f0003684042000246722&partnerID=40&md5=9071ffdd83333014a6b6a944536c7ae7;Article;Final;;Scopus;2-s2.0-2342512119
Ray, P.K., Ida, M., Suh, C.-S., Rhaman, S.-U.;Dynamic capabilities of Japanese and Korean enterprises and the 'flying geese' of international competitiveness;2004;Asia Pacific Business Review;10;3-4;;463;484;;6;10.1080/1360238042000264469;https://www.scopus.com/inward/record.uri?eid=2-s2.0-7244232817&doi=10.1080%2f1360238042000264469&partnerID=40&md5=1c7af928bc01a46ab6d4c08dee5375a9;Article;Final;;Scopus;2-s2.0-7244232817
Atallah, G.;Production technology, information technology, and vertical integration under asymmetric information. Part II;2004;Problems and Perspectives in Management;2;2;;165;183;;;;https://www.scopus.com/inward/record.uri?eid=2-s2.0-84891874370&partnerID=40&md5=29430f0a31e54a09785da1ca4b36c7fa;Article;Final;;Scopus;2-s2.0-84891874370
Atallah, G.;Production technology, information technology, and vertical integration under asymmetric information - Part i;2004;Problems and Perspectives in Management;2;1;;124;137;;1;;https://www.scopus.com/inward/record.uri?eid=2-s2.0-84891843965&partnerID=40&md5=7b2a9b049a2fc96a13a9d1fac0bb569f;Article;Final;;Scopus;2-s2.0-84891843965
Arora, A., Merges, R.P.;Specialized supply firms, property rights and firm boundaries;2004;Industrial and Corporate Change;13;3;;451;475;;140;10.1093/icc/dth018;https://www.scopus.com/inward/record.uri?eid=2-s2.0-3242767551&doi=10.1093%2ficc%2fdth018&partnerID=40&md5=137cb4f0fe84437680d8b9bc76ee2d28;Article;Final;;Scopus;2-s2.0-3242767551
Elberfeld, W., Nti, K.O.;Oligopolistic competition and new technology adoption under uncertainty;2004;Journal of Economics/ Zeitschrift fur Nationalokonomie;82;2;;105;121;;16;10.1007/s00712-003-0048-4;https://www.scopus.com/inward/record.uri?eid=2-s2.0-3142654247&doi=10.1007%2fs00712-003-0048-4&partnerID=40&md5=c4f354dec8206067fe9d4c66b0461066;Article;Final;;Scopus;2-s2.0-3142654247
Rothaermel, F.T., Deeds, D.L.;Exploration and exploitation alliances in biotechnology: A system of new product development;2004;Strategic Management Journal;25;3;;201;221;;1224;10.1002/smj.376;https://www.scopus.com/inward/record.uri?eid=2-s2.0-1242300215&doi=10.1002%2fsmj.376&partnerID=40&md5=6dcb3662d002766b141911aa2a7e9dc4;Article;Final;;Scopus;2-s2.0-1242300215
Pun, K.F., Chin, K.S., Lau, H.C.W.;A comparative analysis of strategy determinants in manufacturing: Some findings in Shanghai and Hong Kong;2004;International Journal of Manufacturing Technology and Management;6;5;;457;484;;2;10.1504/IJMTM.2004.005673;https://www.scopus.com/inward/record.uri?eid=2-s2.0-10844222976&doi=10.1504%2fIJMTM.2004.005673&partnerID=40&md5=b0ee311ca23ebc6fdb17107ba6f2593d;Article;Final;;Scopus;2-s2.0-10844222976
Nemoto, J., Goto, M.;Technological externalities and economies of vertical integration in the electric utility industry;2004;International Journal of Industrial Organization;22;1;;67;81;;53;10.1016/S0167-7187(03)00091-2;https://www.scopus.com/inward/record.uri?eid=2-s2.0-0346962784&doi=10.1016%2fS0167-7187%2803%2900091-2&partnerID=40&md5=46cc70df2d126bfda98737059b6e620c;Article;Final;;Scopus;2-s2.0-0346962784
Brocas, I.;Vertical integration and incentives to innovate;2003;International Journal of Industrial Organization;21;4;;457;488;;32;10.1016/S0167-7187(02)00121-2;https://www.scopus.com/inward/record.uri?eid=2-s2.0-73849089821&doi=10.1016%2fS0167-7187%2802%2900121-2&partnerID=40&md5=d3e83797d5290bef7558f004ef6c2700;Article;Final;;Scopus;2-s2.0-73849089821
Darr, A., Talmud, I.;The structure of knowledge and seller-buyer networks in markets for emergent technologies;2003;Organization Studies;24;3;;443;461;;27;10.1177/0170840603024003911;https://www.scopus.com/inward/record.uri?eid=2-s2.0-0041670745&doi=10.1177%2f0170840603024003911&partnerID=40&md5=41e57a7b8aff3a21c29c1d5a0f4757dc;Article;Final;;Scopus;2-s2.0-0041670745
Nassimbeni, G.;Local manufacturing systems and global economy: Are they compatible? The case of the Italian eyewear district;2003;Journal of Operations Management;21;2;;151;171;;77;10.1016/S0272-6963(02)00090-6;https://www.scopus.com/inward/record.uri?eid=2-s2.0-0037357842&doi=10.1016%2fS0272-6963%2802%2900090-6&partnerID=40&md5=715b80b049a7359d2420345e443cc0e9;Article;Final;;Scopus;2-s2.0-0037357842
Acemoglu, D., Aghion, P., Zilibotti, F.;Vertical integration and distance to frontier;2003;Journal of the European Economic Association;1;2-3;;630;638;;54;10.1162/154247603322391260;https://www.scopus.com/inward/record.uri?eid=2-s2.0-21544482030&doi=10.1162%2f154247603322391260&partnerID=40&md5=9aac895c89f01c5aefcc26e05ae7da5b;Article;Final;All Open Access, Green;Scopus;2-s2.0-21544482030
Datar, M.K., Basu, P.K.;Role of ownership and organisational forms in labour market outcomes: An exploratory analysis;2003;Indian Journal of Labour Economics;46;4;;537;548;;2;;https://www.scopus.com/inward/record.uri?eid=2-s2.0-0742302241&partnerID=40&md5=14f26c526c3cbea3f587a0ba1fcb4086;Article;Final;;Scopus;2-s2.0-0742302241
Wang, Z.;"WTO accession, the ""Greater China"" free-trade area, and economic integration across the Taiwan Strait";2003;China Economic Review;14;3;;316;349;;26;10.1016/j.chieco.2003.09.004;https://www.scopus.com/inward/record.uri?eid=2-s2.0-0344981409&doi=10.1016%2fj.chieco.2003.09.004&partnerID=40&md5=2eb8df9fa1855d3d23b64b9d29fd259f;Article;Final;;Scopus;2-s2.0-0344981409
Tait, N.;Profiles of five leading textile and apparel companies in Brazil;2003;Textile Outlook International;;105;;155;188;;1;;https://www.scopus.com/inward/record.uri?eid=2-s2.0-0041885320&partnerID=40&md5=f39136bf43a4eb7fbb5d629a33dd26fc;Article;Final;;Scopus;2-s2.0-0041885320
Norberg, K.;No end near to China's polyester growth;2003;International Fiber Journal;18;1;;24;25;;;;https://www.scopus.com/inward/record.uri?eid=2-s2.0-0037541141&partnerID=40&md5=8a4f5600a52f0084a093b94f439cdb6b;Article;Final;;Scopus;2-s2.0-0037541141
Streppel, U., Dannberg, P., Wächter, C., Bräuer, A., Fröhlich, L., Houbertz, R., Popall, M.;New wafer-scale fabrication method for stacked optical waveguide interconnects and 3D micro-optic structures using photoresponsive (inorganic-organic hybrid) polymers;2003;Optical Materials;21;1-3;;475;483;;74;10.1016/S0925-3467(02)00186-6;https://www.scopus.com/inward/record.uri?eid=2-s2.0-0037210789&doi=10.1016%2fS0925-3467%2802%2900186-6&partnerID=40&md5=77ca35d06da4a94e198b100b810d3e23;Conference Paper;Final;;Scopus;2-s2.0-0037210789
Sterling, J.;Rubicon Technology: A high tech start-up successfully practices strategic focus;2002;"Strategy &amp; Leadership";30;6;;18;22;;;10.1108/10878570210451588;https://www.scopus.com/inward/record.uri?eid=2-s2.0-84992974946&doi=10.1108%2f10878570210451588&partnerID=40&md5=90df73e6030e4e0df61437b1d26307d7;Article;Final;;Scopus;2-s2.0-84992974946
Jamshidi, M.;A vertically integrated approach to graduate control engineering education of ethnic minorities;2002;Robotics, Automation, Control and Manufacturing: Trends, Principles and Applications - Proceedings of the 5th Biannual World Automation Congress, WAC 2002, ISORA 2002, ISIAC 2002 and ISOMA 2002;14;;;507;514;;;;https://www.scopus.com/inward/record.uri?eid=2-s2.0-78650238545&partnerID=40&md5=de69c9ec700d3cca1d0926cc83a39d6a;Conference Paper;Final;;Scopus;2-s2.0-78650238545
Contractor, F.J., Lorange, P.;The growth of alliances in the knowledge-based economy;2002;International Business Review;11;4;;485;502;;147;10.1016/S0969-5931(02)00021-5;https://www.scopus.com/inward/record.uri?eid=2-s2.0-0036339132&doi=10.1016%2fS0969-5931%2802%2900021-5&partnerID=40&md5=125d249cb64a258b438c6209c4eff8ce;Article;Final;;Scopus;2-s2.0-0036339132
Wei, L., Zhang, R., Roy, K., Chen, Z., Janes, D.B.;Vertically integrated SOI circuits for low-power and high-performance applications;2002;IEEE Transactions on Very Large Scale Integration (VLSI) Systems;10;3;;351;362;;12;10.1109/TVLSI.2002.1043338;https://www.scopus.com/inward/record.uri?eid=2-s2.0-0036625399&doi=10.1109%2fTVLSI.2002.1043338&partnerID=40&md5=2b4d0565cf445ba9c7100dac452cf521;Article;Final;;Scopus;2-s2.0-0036625399
Kong, C., Alexander, P.;Multi-faceted requirements modeling;2002;Proceedings of the IEEE International Conference on Requirements Engineering;2002-January;;1048513;112;119;;1;10.1109/ICRE.2002.1048513;https://www.scopus.com/inward/record.uri?eid=2-s2.0-84891094895&doi=10.1109%2fICRE.2002.1048513&partnerID=40&md5=bd42cadeba0ab04d134d8f36722eb0a3;Article;Final;;Scopus;2-s2.0-84891094895
Bach, L., Cohendet, P., Schenk, E.;"Technological transfers from the European space programs: A dynamic view and comparison with other R&amp;D projects";2002;Journal of Technology Transfer;27;4;;321;338;;40;10.1023/A:1020259522902;https://www.scopus.com/inward/record.uri?eid=2-s2.0-46449112815&doi=10.1023%2fA%3a1020259522902&partnerID=40&md5=7bb1398614f4c106ff95a9e9511a1da6;Article;Final;;Scopus;2-s2.0-46449112815
Shin, N.;Empirical analysis of the impact of information technology on vertical integration;2002;International Journal of Services, Technology and Management;3;1;;54;67;;3;10.1504/IJSTM.2002.001616;https://www.scopus.com/inward/record.uri?eid=2-s2.0-24644483566&doi=10.1504%2fIJSTM.2002.001616&partnerID=40&md5=56ebe9fdb8618f7912247442e19bfe7c;Article;Final;;Scopus;2-s2.0-24644483566
Arya, A.;Synergy among Seemingly Independent Activities;2002;Contemporary Accounting Research;19;3;;349;363;;;10.1506/26TJ-40P4-LYEV-93CK;https://www.scopus.com/inward/record.uri?eid=2-s2.0-0347939376&doi=10.1506%2f26TJ-40P4-LYEV-93CK&partnerID=40&md5=02dc10b9ca240309eaa89663d0a7588a;Article;Final;;Scopus;2-s2.0-0347939376
Zhang, R., Roy, K., Koh, C.-K., Janes, D.B.;Power trends and performance characterization of 3-dimensional integration;2001;ISCAS 2001 - 2001 IEEE International Symposium on Circuits and Systems, Conference Proceedings;4;;922261;414;417;;8;10.1109/ISCAS.2001.922261;https://www.scopus.com/inward/record.uri?eid=2-s2.0-49749130297&doi=10.1109%2fISCAS.2001.922261&partnerID=40&md5=a70f9b457cfb79e764e0febc3b1a51ad;Conference Paper;Final;;Scopus;2-s2.0-49749130297
Rao, P.M.;The ICT revolution, internationalization of technological activity, and the emerging economies: Implications for global marketing;2001;International Business Review;10;5;;571;596;;33;10.1016/S0969-5931(01)00033-6;https://www.scopus.com/inward/record.uri?eid=2-s2.0-0042914894&doi=10.1016%2fS0969-5931%2801%2900033-6&partnerID=40&md5=f0be75ee291431770f1c7a751f6ac4c7;Article;Final;;Scopus;2-s2.0-0042914894
Leach, M.P., Mesquita, L., Downey, W.D.;Case study: Partnering strategies in a bio tech. world: The case of Dairyland Seed Company;2001;"Journal of Business &amp; Industrial Marketing";16;3;;219;238;;1;10.1108/08858620110389867;https://www.scopus.com/inward/record.uri?eid=2-s2.0-84992957633&doi=10.1108%2f08858620110389867&partnerID=40&md5=8c13fcebb4a75291d9d2fcd515edefb4;Article;Final;;Scopus;2-s2.0-84992957633
Shin, N.;The impact of information technology on financial performance: The importance of strategic choice;2001;European Journal of Information Systems;10;4;;227;236;;76;10.1057/palgrave.ejis.3000409;https://www.scopus.com/inward/record.uri?eid=2-s2.0-23044530497&doi=10.1057%2fpalgrave.ejis.3000409&partnerID=40&md5=2e90f3628d32f6e56c86dfa150bd5e22;Article;Final;;Scopus;2-s2.0-23044530497
Menon, N.M., Lee, B.;Cost control and production performance enhancement by IT investment and regulation changes: Evidence from the healthcare industry;2000;Decision Support Systems;30;2;;153;169;;44;10.1016/S0167-9236(00)00095-6;https://www.scopus.com/inward/record.uri?eid=2-s2.0-0034541165&doi=10.1016%2fS0167-9236%2800%2900095-6&partnerID=40&md5=20ac99e73fb769cb9a2dec75ac5057f6;Article;Final;;Scopus;2-s2.0-0034541165
Kyle, B.;An economist conversant with management: Clem A. Tisdell;2000;International Journal of Social Economics;27;7-10;;709;719;;1;;https://www.scopus.com/inward/record.uri?eid=2-s2.0-33645129822&partnerID=40&md5=ca6e5bbea3e62fd0f8561d476a6d8a47;Article;Final;;Scopus;2-s2.0-33645129822
Strojwas, Andrzej J.;Design-manufacturing interface for 0.13 micron and below;2000;IEEE/ACM International Conference on Computer-Aided Design, Digest of Technical Papers;;;;575;;;;;https://www.scopus.com/inward/record.uri?eid=2-s2.0-0034483874&partnerID=40&md5=9b6161df7f5679de942a040046fbb7b8;Conference Paper;Final;;Scopus;2-s2.0-0034483874
Chiang, J.-T.;Institutional frameworks and technological paradigms in Japan: Targeting computers, semiconductors, and software;2000;Technology in Society;22;2;;151;174;;1;10.1016/S0160-791X(00)00002-6;https://www.scopus.com/inward/record.uri?eid=2-s2.0-0034109012&doi=10.1016%2fS0160-791X%2800%2900002-6&partnerID=40&md5=8293e68d3baedc3e967213e884f81098;Article;Final;;Scopus;2-s2.0-0034109012
Cozzarin, B.P., Westgren, R.E.;Rent sharing mechanisms in production alliances;2000;International Food and Agribusiness Management Review;3;3;;339;352;;1;10.1016/s1096-7508(01)00052-0;https://www.scopus.com/inward/record.uri?eid=2-s2.0-0041911295&doi=10.1016%2fs1096-7508%2801%2900052-0&partnerID=40&md5=fb9f12c2d0a13fe87a808b41abe17b67;Article;Final;All Open Access, Gold, Green;Scopus;2-s2.0-0041911295
Salin, V.;Information technology and cattle-beef supply chains;2000;American Journal of Agricultural Economics;82;5;;1105;1111;;15;10.1111/0002-9092.00107;https://www.scopus.com/inward/record.uri?eid=2-s2.0-0034474490&doi=10.1111%2f0002-9092.00107&partnerID=40&md5=b52cab135b92f093556e68c3e98b017b;Article;Final;;Scopus;2-s2.0-0034474490
Avenel, E., Barlet, C.;Vertical foreclosure, technological choice, and entry on the intermediate market;2000;Journal of Economics and Management Strategy;9;2;;211;230;;25;10.1162/105864000567846;https://www.scopus.com/inward/record.uri?eid=2-s2.0-0034385704&doi=10.1162%2f105864000567846&partnerID=40&md5=6e2e016a1a159205509879013853ad67;Article;Final;;Scopus;2-s2.0-0034385704
Casadesus-Masanell, R., Spulber, D.F.;The fable of fisher body;2000;Journal of Law and Economics;43;1;;67;104;;75;10.1086/467448;https://www.scopus.com/inward/record.uri?eid=2-s2.0-0034360862&doi=10.1086%2f467448&partnerID=40&md5=2cf8cd2a4e380250e4a8e3691fb4c13e;Article;Final;;Scopus;2-s2.0-0034360862
